config_id,benchmark,level_id,level_order,tileset,size_label,dim_x,dim_y,dim_z,total_cells,solver,solver_variant,phase,run_index,attempt_index,solver_seed,instance_seed,effective_free_cells,solver_csp_cells,layer_cells,boundary_cells,fixed_tile_cells,fixed_tiles_requested,undecided_after_init,init_ok,success,fail_phase,decisions,t_init_ms,t_search_ms,t_attempt_ms
A_UNRESTRICTED/NATURE/10x10x5,A,A_UNRESTRICTED,0,nature,10x10x5,10,5,10,500,ThisWork,heap,warmup,0,0,400611051,1208556984,500,500,0,0,0,0,500,1,1,none,134,1.1533,6.8612,8.0145
A_UNRESTRICTED/NATURE/10x10x5,A,A_UNRESTRICTED,0,nature,10x10x5,10,5,10,500,Gumin,simple-tiled-3d,warmup,0,0,400611051,1208556984,500,500,0,0,0,0,500,1,1,none,116,1.0377,6.978,8.0157
A_UNRESTRICTED/NATURE/10x10x5,A,A_UNRESTRICTED,0,nature,10x10x5,10,5,10,500,DeBroglie,matched,warmup,0,0,400611051,1208556984,500,500,0,0,0,0,500,1,1,none,116,1.0329,15.057,16.0899
A_UNRESTRICTED/NATURE/10x10x5,A,A_UNRESTRICTED,0,nature,10x10x5,10,5,10,500,ThisWork,heap,measured,0,0,1950087503,1067355907,500,500,0,0,0,0,500,1,1,none,110,0.6999,7.3872,8.0871
A_UNRESTRICTED/NATURE/10x10x5,A,A_UNRESTRICTED,0,nature,10x10x5,10,5,10,500,Gumin,simple-tiled-3d,measured,0,0,1950087503,1067355907,500,500,0,0,0,0,500,1,1,none,119,0.7715,6.1151,6.8866
A_UNRESTRICTED/NATURE/10x10x5,A,A_UNRESTRICTED,0,nature,10x10x5,10,5,10,500,DeBroglie,matched,measured,0,0,1950087503,1067355907,500,500,0,0,0,0,500,1,1,none,118,0.7632,11.9344,12.6976
A_UNRESTRICTED/NATURE/10x10x5,A,A_UNRESTRICTED,0,nature,10x10x5,10,5,10,500,Gumin,simple-tiled-3d,measured,1,0,900757723,513160540,500,500,0,0,0,0,500,1,1,none,117,0.8357,6.1839,7.0196
A_UNRESTRICTED/NATURE/10x10x5,A,A_UNRESTRICTED,0,nature,10x10x5,10,5,10,500,DeBroglie,matched,measured,1,0,900757723,513160540,500,500,0,0,0,0,500,1,1,none,132,0.7421,11.956,12.6981
A_UNRESTRICTED/NATURE/10x10x5,A,A_UNRESTRICTED,0,nature,10x10x5,10,5,10,500,ThisWork,heap,measured,1,0,900757723,513160540,500,500,0,0,0,0,500,1,1,none,116,0.6868,6.069,6.7558
A_UNRESTRICTED/NATURE/10x10x5,A,A_UNRESTRICTED,0,nature,10x10x5,10,5,10,500,DeBroglie,matched,measured,2,0,1324750688,1576474200,500,500,0,0,0,0,500,1,1,none,160,0.7744,11.8334,12.6078
A_UNRESTRICTED/NATURE/10x10x5,A,A_UNRESTRICTED,0,nature,10x10x5,10,5,10,500,ThisWork,heap,measured,2,0,1324750688,1576474200,500,500,0,0,0,0,500,1,1,none,124,0.7147,6.1776,6.8923
A_UNRESTRICTED/NATURE/10x10x5,A,A_UNRESTRICTED,0,nature,10x10x5,10,5,10,500,Gumin,simple-tiled-3d,measured,2,0,1324750688,1576474200,500,500,0,0,0,0,500,1,1,none,97,0.8173,6.1081,6.9254
A_UNRESTRICTED/DESERT/10x10x5,A,A_UNRESTRICTED,0,desert,10x10x5,10,5,10,500,ThisWork,heap,warmup,0,0,1322145668,712842996,500,500,0,0,0,0,500,1,1,none,106,0.3248,1.8461,2.1709
A_UNRESTRICTED/DESERT/10x10x5,A,A_UNRESTRICTED,0,desert,10x10x5,10,5,10,500,Gumin,simple-tiled-3d,warmup,0,0,1322145668,712842996,500,500,0,0,0,0,500,1,1,none,139,0.3495,1.7179,2.0674
A_UNRESTRICTED/DESERT/10x10x5,A,A_UNRESTRICTED,0,desert,10x10x5,10,5,10,500,DeBroglie,matched,warmup,0,0,1322145668,712842996,500,500,0,0,0,0,500,1,1,none,79,0.4277,3.8562,4.2839
A_UNRESTRICTED/DESERT/10x10x5,A,A_UNRESTRICTED,0,desert,10x10x5,10,5,10,500,ThisWork,heap,measured,0,0,1228699130,1175863495,500,500,0,0,0,0,500,1,1,none,69,0.3319,1.5035,1.8354
A_UNRESTRICTED/DESERT/10x10x5,A,A_UNRESTRICTED,0,desert,10x10x5,10,5,10,500,Gumin,simple-tiled-3d,measured,0,0,1228699130,1175863495,500,500,0,0,0,0,500,1,1,none,101,0.3498,1.6742,2.024
A_UNRESTRICTED/DESERT/10x10x5,A,A_UNRESTRICTED,0,desert,10x10x5,10,5,10,500,DeBroglie,matched,measured,0,0,1228699130,1175863495,500,500,0,0,0,0,500,1,1,none,60,0.438,3.9963,4.4343
A_UNRESTRICTED/DESERT/10x10x5,A,A_UNRESTRICTED,0,desert,10x10x5,10,5,10,500,Gumin,simple-tiled-3d,measured,1,0,1684692971,826516469,500,500,0,0,0,0,500,1,1,none,68,0.344,1.7086,2.0526
A_UNRESTRICTED/DESERT/10x10x5,A,A_UNRESTRICTED,0,desert,10x10x5,10,5,10,500,DeBroglie,matched,measured,1,0,1684692971,826516469,500,500,0,0,0,0,500,1,1,none,100,0.4053,3.8468,4.2521
A_UNRESTRICTED/DESERT/10x10x5,A,A_UNRESTRICTED,0,desert,10x10x5,10,5,10,500,ThisWork,heap,measured,1,0,1684692971,826516469,500,500,0,0,0,0,500,1,1,none,88,0.3251,1.5816,1.9067
A_UNRESTRICTED/DESERT/10x10x5,A,A_UNRESTRICTED,0,desert,10x10x5,10,5,10,500,DeBroglie,matched,measured,2,0,2111098907,897874786,500,500,0,0,0,0,500,1,1,none,106,0.4725,4.3786,4.8511
A_UNRESTRICTED/DESERT/10x10x5,A,A_UNRESTRICTED,0,desert,10x10x5,10,5,10,500,ThisWork,heap,measured,2,0,2111098907,897874786,500,500,0,0,0,0,500,1,1,none,109,0.3581,1.6297,1.9878
A_UNRESTRICTED/DESERT/10x10x5,A,A_UNRESTRICTED,0,desert,10x10x5,10,5,10,500,Gumin,simple-tiled-3d,measured,2,0,2111098907,897874786,500,500,0,0,0,0,500,1,1,none,94,0.3785,1.6746,2.0531
A_UNRESTRICTED/FARM/10x10x5,A,A_UNRESTRICTED,0,farm,10x10x5,10,5,10,500,ThisWork,heap,warmup,0,0,1931051739,1651552639,500,500,0,0,0,0,500,1,1,none,325,0.951,5.8892,6.8402
A_UNRESTRICTED/FARM/10x10x5,A,A_UNRESTRICTED,0,farm,10x10x5,10,5,10,500,Gumin,simple-tiled-3d,warmup,0,0,1931051739,1651552639,500,500,0,0,0,0,500,1,1,none,271,1.0719,6.54,7.6119
A_UNRESTRICTED/FARM/10x10x5,A,A_UNRESTRICTED,0,farm,10x10x5,10,5,10,500,DeBroglie,matched,warmup,0,0,1931051739,1651552639,500,500,0,0,0,0,500,1,1,none,272,0.9399,12.5608,13.5007
A_UNRESTRICTED/FARM/10x10x5,A,A_UNRESTRICTED,0,farm,10x10x5,10,5,10,500,ThisWork,heap,measured,0,0,349573240,2046802624,500,500,0,0,0,0,500,1,1,none,241,0.8736,6.001,6.8746
A_UNRESTRICTED/FARM/10x10x5,A,A_UNRESTRICTED,0,farm,10x10x5,10,5,10,500,Gumin,simple-tiled-3d,measured,0,0,349573240,2046802624,500,500,0,0,0,0,500,1,1,none,267,1.0652,7.2122,8.2774
A_UNRESTRICTED/FARM/10x10x5,A,A_UNRESTRICTED,0,farm,10x10x5,10,5,10,500,DeBroglie,matched,measured,0,0,349573240,2046802624,500,500,0,0,0,0,500,1,1,none,215,0.8675,12.2548,13.1223
A_UNRESTRICTED/FARM/10x10x5,A,A_UNRESTRICTED,0,farm,10x10x5,10,5,10,500,Gumin,simple-tiled-3d,measured,1,0,816534088,1676452160,500,500,0,0,0,0,500,1,1,none,344,0.9581,6.8906,7.8487
A_UNRESTRICTED/FARM/10x10x5,A,A_UNRESTRICTED,0,farm,10x10x5,10,5,10,500,DeBroglie,matched,measured,1,0,816534088,1676452160,500,500,0,0,0,0,500,1,1,none,118,0.946,12.262,13.208
A_UNRESTRICTED/FARM/10x10x5,A,A_UNRESTRICTED,0,farm,10x10x5,10,5,10,500,ThisWork,heap,measured,1,0,816534088,1676452160,500,500,0,0,0,0,500,1,1,none,293,0.9832,5.9438,6.927
A_UNRESTRICTED/FARM/10x10x5,A,A_UNRESTRICTED,0,farm,10x10x5,10,5,10,500,DeBroglie,matched,measured,2,0,903964553,393838658,500,500,0,0,0,0,500,1,1,none,239,1.2099,13.3692,14.5791
A_UNRESTRICTED/FARM/10x10x5,A,A_UNRESTRICTED,0,farm,10x10x5,10,5,10,500,ThisWork,heap,measured,2,0,903964553,393838658,500,500,0,0,0,0,500,1,1,none,254,0.8857,5.7706,6.6563
A_UNRESTRICTED/FARM/10x10x5,A,A_UNRESTRICTED,0,farm,10x10x5,10,5,10,500,Gumin,simple-tiled-3d,measured,2,0,903964553,393838658,500,500,0,0,0,0,500,1,1,none,242,1.181,6.7283,7.9093
B0_BASELINE/NATURE/10x10x5,B,B0_BASELINE,0,nature,10x10x5,10,5,10,500,ThisWork,heap,warmup,0,0,400611051,1208556984,500,500,0,0,0,0,500,1,1,none,134,0.7028,5.8265,6.5293
B0_BASELINE/NATURE/10x10x5,B,B0_BASELINE,0,nature,10x10x5,10,5,10,500,DeBroglie,matched,warmup,0,0,400611051,1208556984,500,500,0,0,0,0,500,1,1,none,116,1.2034,12.1198,13.3232
B0_BASELINE/NATURE/10x10x5,B,B0_BASELINE,0,nature,10x10x5,10,5,10,500,ThisWork,heap,measured,0,0,1950087503,1067355907,500,500,0,0,0,0,500,1,1,none,110,0.7165,5.6648,6.3813
B0_BASELINE/NATURE/10x10x5,B,B0_BASELINE,0,nature,10x10x5,10,5,10,500,DeBroglie,matched,measured,0,0,1950087503,1067355907,500,500,0,0,0,0,500,1,1,none,118,0.6997,11.5491,12.2488
B0_BASELINE/NATURE/10x10x5,B,B0_BASELINE,0,nature,10x10x5,10,5,10,500,DeBroglie,matched,measured,1,0,900757723,513160540,500,500,0,0,0,0,500,1,1,none,132,0.7033,12.1315,12.8348
B0_BASELINE/NATURE/10x10x5,B,B0_BASELINE,0,nature,10x10x5,10,5,10,500,ThisWork,heap,measured,1,0,900757723,513160540,500,500,0,0,0,0,500,1,1,none,116,0.7353,5.6371,6.3724
B0_BASELINE/NATURE/10x10x5,B,B0_BASELINE,0,nature,10x10x5,10,5,10,500,ThisWork,heap,measured,2,0,1324750688,1576474200,500,500,0,0,0,0,500,1,1,none,124,0.6905,5.9077,6.5982
B0_BASELINE/NATURE/10x10x5,B,B0_BASELINE,0,nature,10x10x5,10,5,10,500,DeBroglie,matched,measured,2,0,1324750688,1576474200,500,500,0,0,0,0,500,1,1,none,160,0.7273,12.1874,12.9147
B1_LAYERS/NATURE/10x10x5,B,B1_LAYERS,1,nature,10x10x5,10,5,10,500,ThisWork,heap,warmup,0,0,400611051,1208556984,300,300,200,0,0,0,300,1,1,none,121,0.6985,3.2225,3.921
B1_LAYERS/NATURE/10x10x5,B,B1_LAYERS,1,nature,10x10x5,10,5,10,500,DeBroglie,matched,warmup,0,0,400611051,1208556984,300,300,200,0,0,0,300,1,1,none,107,3.8635,6.8013,10.6648
B1_LAYERS/NATURE/10x10x5,B,B1_LAYERS,1,nature,10x10x5,10,5,10,500,ThisWork,heap,measured,0,0,1950087503,1067355907,300,300,200,0,0,0,300,1,1,none,146,0.6982,3.5276,4.2258
B1_LAYERS/NATURE/10x10x5,B,B1_LAYERS,1,nature,10x10x5,10,5,10,500,DeBroglie,matched,measured,0,0,1950087503,1067355907,300,300,200,0,0,0,300,1,1,none,112,1.147,6.598,7.745
B1_LAYERS/NATURE/10x10x5,B,B1_LAYERS,1,nature,10x10x5,10,5,10,500,DeBroglie,matched,measured,1,0,900757723,513160540,300,300,200,0,0,0,300,1,1,none,116,1.1311,6.6371,7.7682
B1_LAYERS/NATURE/10x10x5,B,B1_LAYERS,1,nature,10x10x5,10,5,10,500,ThisWork,heap,measured,1,0,900757723,513160540,300,300,200,0,0,0,300,1,1,none,142,0.7162,3.0977,3.8139
B1_LAYERS/NATURE/10x10x5,B,B1_LAYERS,1,nature,10x10x5,10,5,10,500,ThisWork,heap,measured,2,0,1324750688,1576474200,300,300,200,0,0,0,300,1,1,none,137,0.7009,3.1015,3.8024
B1_LAYERS/NATURE/10x10x5,B,B1_LAYERS,1,nature,10x10x5,10,5,10,500,DeBroglie,matched,measured,2,0,1324750688,1576474200,300,300,200,0,0,0,300,1,1,none,107,1.1672,6.4652,7.6324
B2_LAYERS_BOUNDARY/NATURE/10x10x5,B,B2_LAYERS_BOUNDARY,2,nature,10x10x5,10,5,10,500,ThisWork,heap,warmup,0,0,400611051,1208556984,264,264,200,36,0,0,116,1,1,none,76,2.5146,0.5336,3.0482
B2_LAYERS_BOUNDARY/NATURE/10x10x5,B,B2_LAYERS_BOUNDARY,2,nature,10x10x5,10,5,10,500,DeBroglie,matched,warmup,0,0,400611051,1208556984,264,264,200,36,0,0,116,1,1,none,71,5.5965,1.9332,7.5297
B2_LAYERS_BOUNDARY/NATURE/10x10x5,B,B2_LAYERS_BOUNDARY,2,nature,10x10x5,10,5,10,500,ThisWork,heap,measured,0,0,1950087503,1067355907,264,264,200,36,0,0,116,1,1,none,75,2.693,0.5661,3.2591
B2_LAYERS_BOUNDARY/NATURE/10x10x5,B,B2_LAYERS_BOUNDARY,2,nature,10x10x5,10,5,10,500,DeBroglie,matched,measured,0,0,1950087503,1067355907,264,264,200,36,0,0,116,1,1,none,65,5.8627,1.1001,6.9628
B2_LAYERS_BOUNDARY/NATURE/10x10x5,B,B2_LAYERS_BOUNDARY,2,nature,10x10x5,10,5,10,500,DeBroglie,matched,measured,1,0,900757723,513160540,264,264,200,36,0,0,116,1,1,none,61,5.7563,1.0825,6.8388
B2_LAYERS_BOUNDARY/NATURE/10x10x5,B,B2_LAYERS_BOUNDARY,2,nature,10x10x5,10,5,10,500,ThisWork,heap,measured,1,0,900757723,513160540,264,264,200,36,0,0,116,1,1,none,62,2.5556,0.5157,3.0713
B2_LAYERS_BOUNDARY/NATURE/10x10x5,B,B2_LAYERS_BOUNDARY,2,nature,10x10x5,10,5,10,500,ThisWork,heap,measured,2,0,1324750688,1576474200,264,264,200,36,0,0,116,1,1,none,79,2.548,0.5496,3.0976
B2_LAYERS_BOUNDARY/NATURE/10x10x5,B,B2_LAYERS_BOUNDARY,2,nature,10x10x5,10,5,10,500,DeBroglie,matched,measured,2,0,1324750688,1576474200,264,264,200,36,0,0,116,1,1,none,56,5.8093,1.0847,6.894
B3_LAYERS_BOUNDARY_FIXED/NATURE/10x10x5,B,B3_LAYERS_BOUNDARY_FIXED,3,nature,10x10x5,10,5,10,500,ThisWork,heap,warmup,0,0,400611051,1208556984,261,261,200,36,3,3,-1,0,0,init,0,0.0015,0,0.0015
B3_LAYERS_BOUNDARY_FIXED/NATURE/10x10x5,B,B3_LAYERS_BOUNDARY_FIXED,3,nature,10x10x5,10,5,10,500,ThisWork,heap,warmup,0,1,400611051,298503413,261,261,200,36,3,3,-1,0,0,init,0,0.0018,0,0.0018
B3_LAYERS_BOUNDARY_FIXED/NATURE/10x10x5,B,B3_LAYERS_BOUNDARY_FIXED,3,nature,10x10x5,10,5,10,500,ThisWork,heap,warmup,0,2,400611051,1715891147,261,261,200,36,3,3,-1,0,0,init,0,0.0019,0,0.0019
B3_LAYERS_BOUNDARY_FIXED/NATURE/10x10x5,B,B3_LAYERS_BOUNDARY_FIXED,3,nature,10x10x5,10,5,10,500,ThisWork,heap,warmup,0,3,400611051,1952101075,261,261,200,36,3,3,104,1,1,none,68,2.7647,0.3918,3.1565
B3_LAYERS_BOUNDARY_FIXED/NATURE/10x10x5,B,B3_LAYERS_BOUNDARY_FIXED,3,nature,10x10x5,10,5,10,500,DeBroglie,matched,warmup,0,0,400611051,1208556984,261,261,200,36,3,3,-1,0,0,init,0,0.004,0,0.004
B3_LAYERS_BOUNDARY_FIXED/NATURE/10x10x5,B,B3_LAYERS_BOUNDARY_FIXED,3,nature,10x10x5,10,5,10,500,DeBroglie,matched,warmup,0,1,400611051,298503413,261,261,200,36,3,3,-1,0,0,init,0,0.0033,0,0.0033
B3_LAYERS_BOUNDARY_FIXED/NATURE/10x10x5,B,B3_LAYERS_BOUNDARY_FIXED,3,nature,10x10x5,10,5,10,500,DeBroglie,matched,warmup,0,2,400611051,1715891147,261,261,200,36,3,3,-1,0,0,init,0,0.0033,0,0.0033
B3_LAYERS_BOUNDARY_FIXED/NATURE/10x10x5,B,B3_LAYERS_BOUNDARY_FIXED,3,nature,10x10x5,10,5,10,500,DeBroglie,matched,warmup,0,3,400611051,1952101075,261,261,200,36,3,3,104,1,1,none,73,5.8178,0.8852,6.703
B3_LAYERS_BOUNDARY_FIXED/NATURE/10x10x5,B,B3_LAYERS_BOUNDARY_FIXED,3,nature,10x10x5,10,5,10,500,ThisWork,heap,measured,0,0,1950087503,1067355907,261,261,200,36,3,3,92,1,1,none,68,2.8317,0.3133,3.145
B3_LAYERS_BOUNDARY_FIXED/NATURE/10x10x5,B,B3_LAYERS_BOUNDARY_FIXED,3,nature,10x10x5,10,5,10,500,DeBroglie,matched,measured,0,0,1950087503,1067355907,261,261,200,36,3,3,92,1,1,none,65,6.0335,0.6686,6.7021
B3_LAYERS_BOUNDARY_FIXED/NATURE/10x10x5,B,B3_LAYERS_BOUNDARY_FIXED,3,nature,10x10x5,10,5,10,500,DeBroglie,matched,measured,1,0,900757723,513160540,261,261,200,36,3,3,-1,0,0,init,0,0.0016,0,0.0016
B3_LAYERS_BOUNDARY_FIXED/NATURE/10x10x5,B,B3_LAYERS_BOUNDARY_FIXED,3,nature,10x10x5,10,5,10,500,DeBroglie,matched,measured,1,1,900757723,769481664,261,261,200,36,3,3,-1,0,0,init,0,0.003,0,0.003
B3_LAYERS_BOUNDARY_FIXED/NATURE/10x10x5,B,B3_LAYERS_BOUNDARY_FIXED,3,nature,10x10x5,10,5,10,500,DeBroglie,matched,measured,1,2,900757723,1122795439,261,261,200,36,3,3,-1,0,0,init,0,0.0019,0,0.0019
B3_LAYERS_BOUNDARY_FIXED/NATURE/10x10x5,B,B3_LAYERS_BOUNDARY_FIXED,3,nature,10x10x5,10,5,10,500,DeBroglie,matched,measured,1,3,900757723,1090867068,261,261,200,36,3,3,-1,0,0,init,0,0.0024,0,0.0024
B3_LAYERS_BOUNDARY_FIXED/NATURE/10x10x5,B,B3_LAYERS_BOUNDARY_FIXED,3,nature,10x10x5,10,5,10,500,DeBroglie,matched,measured,1,4,900757723,416300829,261,261,200,36,3,3,-1,0,0,init,0,0.0017,0,0.0017
B3_LAYERS_BOUNDARY_FIXED/NATURE/10x10x5,B,B3_LAYERS_BOUNDARY_FIXED,3,nature,10x10x5,10,5,10,500,DeBroglie,matched,measured,1,5,900757723,1458981877,261,261,200,36,3,3,-1,0,0,init,0,0.0016,0,0.0016
B3_LAYERS_BOUNDARY_FIXED/NATURE/10x10x5,B,B3_LAYERS_BOUNDARY_FIXED,3,nature,10x10x5,10,5,10,500,DeBroglie,matched,measured,1,6,900757723,2070607307,261,261,200,36,3,3,-1,0,0,init,0,0.0022,0,0.0022
B3_LAYERS_BOUNDARY_FIXED/NATURE/10x10x5,B,B3_LAYERS_BOUNDARY_FIXED,3,nature,10x10x5,10,5,10,500,DeBroglie,matched,measured,1,7,900757723,2064196647,261,261,200,36,3,3,-1,0,0,init,0,0.0018,0,0.0018
B3_LAYERS_BOUNDARY_FIXED/NATURE/10x10x5,B,B3_LAYERS_BOUNDARY_FIXED,3,nature,10x10x5,10,5,10,500,DeBroglie,matched,measured,1,8,900757723,2019231125,261,261,200,36,3,3,-1,0,0,init,0,0.0035,0,0.0035
B3_LAYERS_BOUNDARY_FIXED/NATURE/10x10x5,B,B3_LAYERS_BOUNDARY_FIXED,3,nature,10x10x5,10,5,10,500,DeBroglie,matched,measured,1,9,900757723,873519871,261,261,200,36,3,3,-1,0,0,init,0,0.0018,0,0.0018
B3_LAYERS_BOUNDARY_FIXED/NATURE/10x10x5,B,B3_LAYERS_BOUNDARY_FIXED,3,nature,10x10x5,10,5,10,500,DeBroglie,matched,measured,1,10,900757723,124530880,261,261,200,36,3,3,90,1,1,none,54,6.1768,0.6235,6.8003
B3_LAYERS_BOUNDARY_FIXED/NATURE/10x10x5,B,B3_LAYERS_BOUNDARY_FIXED,3,nature,10x10x5,10,5,10,500,ThisWork,heap,measured,1,0,900757723,513160540,261,261,200,36,3,3,-1,0,0,init,0,0.0017,0,0.0017
B3_LAYERS_BOUNDARY_FIXED/NATURE/10x10x5,B,B3_LAYERS_BOUNDARY_FIXED,3,nature,10x10x5,10,5,10,500,ThisWork,heap,measured,1,1,900757723,769481664,261,261,200,36,3,3,-1,0,0,init,0,0.0039,0,0.0039
B3_LAYERS_BOUNDARY_FIXED/NATURE/10x10x5,B,B3_LAYERS_BOUNDARY_FIXED,3,nature,10x10x5,10,5,10,500,ThisWork,heap,measured,1,2,900757723,1122795439,261,261,200,36,3,3,-1,0,0,init,0,0.0034,0,0.0034
B3_LAYERS_BOUNDARY_FIXED/NATURE/10x10x5,B,B3_LAYERS_BOUNDARY_FIXED,3,nature,10x10x5,10,5,10,500,ThisWork,heap,measured,1,3,900757723,1090867068,261,261,200,36,3,3,-1,0,0,init,0,0.0018,0,0.0018
B3_LAYERS_BOUNDARY_FIXED/NATURE/10x10x5,B,B3_LAYERS_BOUNDARY_FIXED,3,nature,10x10x5,10,5,10,500,ThisWork,heap,measured,1,4,900757723,416300829,261,261,200,36,3,3,-1,0,0,init,0,0.0034,0,0.0034
B3_LAYERS_BOUNDARY_FIXED/NATURE/10x10x5,B,B3_LAYERS_BOUNDARY_FIXED,3,nature,10x10x5,10,5,10,500,ThisWork,heap,measured,1,5,900757723,1458981877,261,261,200,36,3,3,-1,0,0,init,0,0.0035,0,0.0035
B3_LAYERS_BOUNDARY_FIXED/NATURE/10x10x5,B,B3_LAYERS_BOUNDARY_FIXED,3,nature,10x10x5,10,5,10,500,ThisWork,heap,measured,1,6,900757723,2070607307,261,261,200,36,3,3,-1,0,0,init,0,0.0021,0,0.0021
B3_LAYERS_BOUNDARY_FIXED/NATURE/10x10x5,B,B3_LAYERS_BOUNDARY_FIXED,3,nature,10x10x5,10,5,10,500,ThisWork,heap,measured,1,7,900757723,2064196647,261,261,200,36,3,3,-1,0,0,init,0,0.002,0,0.002
B3_LAYERS_BOUNDARY_FIXED/NATURE/10x10x5,B,B3_LAYERS_BOUNDARY_FIXED,3,nature,10x10x5,10,5,10,500,ThisWork,heap,measured,1,8,900757723,2019231125,261,261,200,36,3,3,-1,0,0,init,0,0.0023,0,0.0023
B3_LAYERS_BOUNDARY_FIXED/NATURE/10x10x5,B,B3_LAYERS_BOUNDARY_FIXED,3,nature,10x10x5,10,5,10,500,ThisWork,heap,measured,1,9,900757723,873519871,261,261,200,36,3,3,-1,0,0,init,0,0.002,0,0.002
B3_LAYERS_BOUNDARY_FIXED/NATURE/10x10x5,B,B3_LAYERS_BOUNDARY_FIXED,3,nature,10x10x5,10,5,10,500,ThisWork,heap,measured,1,10,900757723,124530880,261,261,200,36,3,3,90,1,1,none,67,2.7724,0.2751,3.0475
B3_LAYERS_BOUNDARY_FIXED/NATURE/10x10x5,B,B3_LAYERS_BOUNDARY_FIXED,3,nature,10x10x5,10,5,10,500,ThisWork,heap,measured,2,0,1324750688,1576474200,261,261,200,36,3,3,-1,0,0,init,0,0.0017,0,0.0017
B3_LAYERS_BOUNDARY_FIXED/NATURE/10x10x5,B,B3_LAYERS_BOUNDARY_FIXED,3,nature,10x10x5,10,5,10,500,ThisWork,heap,measured,2,1,1324750688,1226384891,261,261,200,36,3,3,-1,0,0,init,0,0.0016,0,0.0016
B3_LAYERS_BOUNDARY_FIXED/NATURE/10x10x5,B,B3_LAYERS_BOUNDARY_FIXED,3,nature,10x10x5,10,5,10,500,ThisWork,heap,measured,2,2,1324750688,162260767,261,261,200,36,3,3,-1,0,0,init,0,0.0023,0,0.0023
B3_LAYERS_BOUNDARY_FIXED/NATURE/10x10x5,B,B3_LAYERS_BOUNDARY_FIXED,3,nature,10x10x5,10,5,10,500,ThisWork,heap,measured,2,3,1324750688,327464912,261,261,200,36,3,3,-1,0,0,init,0,0.0017,0,0.0017
B3_LAYERS_BOUNDARY_FIXED/NATURE/10x10x5,B,B3_LAYERS_BOUNDARY_FIXED,3,nature,10x10x5,10,5,10,500,ThisWork,heap,measured,2,4,1324750688,403621497,261,261,200,36,3,3,-1,0,0,init,0,0.0016,0,0.0016
B3_LAYERS_BOUNDARY_FIXED/NATURE/10x10x5,B,B3_LAYERS_BOUNDARY_FIXED,3,nature,10x10x5,10,5,10,500,ThisWork,heap,measured,2,5,1324750688,1771155354,261,261,200,36,3,3,-1,0,0,init,0,0.0015,0,0.0015
B3_LAYERS_BOUNDARY_FIXED/NATURE/10x10x5,B,B3_LAYERS_BOUNDARY_FIXED,3,nature,10x10x5,10,5,10,500,ThisWork,heap,measured,2,6,1324750688,499852082,261,261,200,36,3,3,-1,0,0,init,0,0.0054,0,0.0054
B3_LAYERS_BOUNDARY_FIXED/NATURE/10x10x5,B,B3_LAYERS_BOUNDARY_FIXED,3,nature,10x10x5,10,5,10,500,ThisWork,heap,measured,2,7,1324750688,839791203,261,261,200,36,3,3,101,1,1,none,52,2.7028,0.3693,3.0721
B3_LAYERS_BOUNDARY_FIXED/NATURE/10x10x5,B,B3_LAYERS_BOUNDARY_FIXED,3,nature,10x10x5,10,5,10,500,DeBroglie,matched,measured,2,0,1324750688,1576474200,261,261,200,36,3,3,-1,0,0,init,0,0.002,0,0.002
B3_LAYERS_BOUNDARY_FIXED/NATURE/10x10x5,B,B3_LAYERS_BOUNDARY_FIXED,3,nature,10x10x5,10,5,10,500,DeBroglie,matched,measured,2,1,1324750688,1226384891,261,261,200,36,3,3,-1,0,0,init,0,0.002,0,0.002
B3_LAYERS_BOUNDARY_FIXED/NATURE/10x10x5,B,B3_LAYERS_BOUNDARY_FIXED,3,nature,10x10x5,10,5,10,500,DeBroglie,matched,measured,2,2,1324750688,162260767,261,261,200,36,3,3,-1,0,0,init,0,0.0017,0,0.0017
B3_LAYERS_BOUNDARY_FIXED/NATURE/10x10x5,B,B3_LAYERS_BOUNDARY_FIXED,3,nature,10x10x5,10,5,10,500,DeBroglie,matched,measured,2,3,1324750688,327464912,261,261,200,36,3,3,-1,0,0,init,0,0.0036,0,0.0036
B3_LAYERS_BOUNDARY_FIXED/NATURE/10x10x5,B,B3_LAYERS_BOUNDARY_FIXED,3,nature,10x10x5,10,5,10,500,DeBroglie,matched,measured,2,4,1324750688,403621497,261,261,200,36,3,3,-1,0,0,init,0,0.004,0,0.004
B3_LAYERS_BOUNDARY_FIXED/NATURE/10x10x5,B,B3_LAYERS_BOUNDARY_FIXED,3,nature,10x10x5,10,5,10,500,DeBroglie,matched,measured,2,5,1324750688,1771155354,261,261,200,36,3,3,-1,0,0,init,0,0.002,0,0.002
B3_LAYERS_BOUNDARY_FIXED/NATURE/10x10x5,B,B3_LAYERS_BOUNDARY_FIXED,3,nature,10x10x5,10,5,10,500,DeBroglie,matched,measured,2,6,1324750688,499852082,261,261,200,36,3,3,-1,0,0,init,0,0.0023,0,0.0023
B3_LAYERS_BOUNDARY_FIXED/NATURE/10x10x5,B,B3_LAYERS_BOUNDARY_FIXED,3,nature,10x10x5,10,5,10,500,DeBroglie,matched,measured,2,7,1324750688,839791203,261,261,200,36,3,3,101,1,1,none,69,6.1564,0.7359,6.8923
B4_LAYERS_BOUNDARY_FIXED_NEGATIVE/NATURE/10x10x5,B,B4_LAYERS_BOUNDARY_FIXED_NEGATIVE,4,nature,10x10x5,10,5,10,500,ThisWork,heap,warmup,0,0,400611051,1208556984,261,261,200,36,3,3,-1,0,0,init,0,0.0018,0,0.0018
B4_LAYERS_BOUNDARY_FIXED_NEGATIVE/NATURE/10x10x5,B,B4_LAYERS_BOUNDARY_FIXED_NEGATIVE,4,nature,10x10x5,10,5,10,500,ThisWork,heap,warmup,0,1,400611051,298503413,261,261,200,36,3,3,-1,0,0,init,0,0.0031,0,0.0031
B4_LAYERS_BOUNDARY_FIXED_NEGATIVE/NATURE/10x10x5,B,B4_LAYERS_BOUNDARY_FIXED_NEGATIVE,4,nature,10x10x5,10,5,10,500,ThisWork,heap,warmup,0,2,400611051,1715891147,261,261,200,36,3,3,-1,0,0,init,0,0.0019,0,0.0019
B4_LAYERS_BOUNDARY_FIXED_NEGATIVE/NATURE/10x10x5,B,B4_LAYERS_BOUNDARY_FIXED_NEGATIVE,4,nature,10x10x5,10,5,10,500,ThisWork,heap,warmup,0,3,400611051,1952101075,261,261,200,36,3,3,102,1,1,none,60,2.706,0.3462,3.0522
B4_LAYERS_BOUNDARY_FIXED_NEGATIVE/NATURE/10x10x5,B,B4_LAYERS_BOUNDARY_FIXED_NEGATIVE,4,nature,10x10x5,10,5,10,500,DeBroglie,matched,warmup,0,0,400611051,1208556984,261,261,200,36,3,3,-1,0,0,init,0,0.0017,0,0.0017
B4_LAYERS_BOUNDARY_FIXED_NEGATIVE/NATURE/10x10x5,B,B4_LAYERS_BOUNDARY_FIXED_NEGATIVE,4,nature,10x10x5,10,5,10,500,DeBroglie,matched,warmup,0,1,400611051,298503413,261,261,200,36,3,3,-1,0,0,init,0,0.0025,0,0.0025
B4_LAYERS_BOUNDARY_FIXED_NEGATIVE/NATURE/10x10x5,B,B4_LAYERS_BOUNDARY_FIXED_NEGATIVE,4,nature,10x10x5,10,5,10,500,DeBroglie,matched,warmup,0,2,400611051,1715891147,261,261,200,36,3,3,-1,0,0,init,0,0.0023,0,0.0023
B4_LAYERS_BOUNDARY_FIXED_NEGATIVE/NATURE/10x10x5,B,B4_LAYERS_BOUNDARY_FIXED_NEGATIVE,4,nature,10x10x5,10,5,10,500,DeBroglie,matched,warmup,0,3,400611051,1952101075,261,261,200,36,3,3,102,1,1,none,54,6.2204,0.6798,6.9002
B4_LAYERS_BOUNDARY_FIXED_NEGATIVE/NATURE/10x10x5,B,B4_LAYERS_BOUNDARY_FIXED_NEGATIVE,4,nature,10x10x5,10,5,10,500,ThisWork,heap,measured,0,0,1950087503,1067355907,261,261,200,36,3,3,88,1,1,none,61,2.791,0.2514,3.0424
B4_LAYERS_BOUNDARY_FIXED_NEGATIVE/NATURE/10x10x5,B,B4_LAYERS_BOUNDARY_FIXED_NEGATIVE,4,nature,10x10x5,10,5,10,500,DeBroglie,matched,measured,0,0,1950087503,1067355907,261,261,200,36,3,3,88,1,1,none,61,6.0891,0.54,6.6291
B4_LAYERS_BOUNDARY_FIXED_NEGATIVE/NATURE/10x10x5,B,B4_LAYERS_BOUNDARY_FIXED_NEGATIVE,4,nature,10x10x5,10,5,10,500,DeBroglie,matched,measured,1,0,900757723,513160540,261,261,200,36,3,3,-1,0,0,init,0,0.0018,0,0.0018
B4_LAYERS_BOUNDARY_FIXED_NEGATIVE/NATURE/10x10x5,B,B4_LAYERS_BOUNDARY_FIXED_NEGATIVE,4,nature,10x10x5,10,5,10,500,DeBroglie,matched,measured,1,1,900757723,769481664,261,261,200,36,3,3,-1,0,0,init,0,0.0034,0,0.0034
B4_LAYERS_BOUNDARY_FIXED_NEGATIVE/NATURE/10x10x5,B,B4_LAYERS_BOUNDARY_FIXED_NEGATIVE,4,nature,10x10x5,10,5,10,500,DeBroglie,matched,measured,1,2,900757723,1122795439,261,261,200,36,3,3,-1,0,0,init,0,0.0034,0,0.0034
B4_LAYERS_BOUNDARY_FIXED_NEGATIVE/NATURE/10x10x5,B,B4_LAYERS_BOUNDARY_FIXED_NEGATIVE,4,nature,10x10x5,10,5,10,500,DeBroglie,matched,measured,1,3,900757723,1090867068,261,261,200,36,3,3,-1,0,0,init,0,0.0032,0,0.0032
B4_LAYERS_BOUNDARY_FIXED_NEGATIVE/NATURE/10x10x5,B,B4_LAYERS_BOUNDARY_FIXED_NEGATIVE,4,nature,10x10x5,10,5,10,500,DeBroglie,matched,measured,1,4,900757723,416300829,261,261,200,36,3,3,-1,0,0,init,0,0.0016,0,0.0016
B4_LAYERS_BOUNDARY_FIXED_NEGATIVE/NATURE/10x10x5,B,B4_LAYERS_BOUNDARY_FIXED_NEGATIVE,4,nature,10x10x5,10,5,10,500,DeBroglie,matched,measured,1,5,900757723,1458981877,261,261,200,36,3,3,-1,0,0,init,0,0.0037,0,0.0037
B4_LAYERS_BOUNDARY_FIXED_NEGATIVE/NATURE/10x10x5,B,B4_LAYERS_BOUNDARY_FIXED_NEGATIVE,4,nature,10x10x5,10,5,10,500,DeBroglie,matched,measured,1,6,900757723,2070607307,261,261,200,36,3,3,-1,0,0,init,0,0.0021,0,0.0021
B4_LAYERS_BOUNDARY_FIXED_NEGATIVE/NATURE/10x10x5,B,B4_LAYERS_BOUNDARY_FIXED_NEGATIVE,4,nature,10x10x5,10,5,10,500,DeBroglie,matched,measured,1,7,900757723,2064196647,261,261,200,36,3,3,-1,0,0,init,0,0.0031,0,0.0031
B4_LAYERS_BOUNDARY_FIXED_NEGATIVE/NATURE/10x10x5,B,B4_LAYERS_BOUNDARY_FIXED_NEGATIVE,4,nature,10x10x5,10,5,10,500,DeBroglie,matched,measured,1,8,900757723,2019231125,261,261,200,36,3,3,-1,0,0,init,0,0.0018,0,0.0018
B4_LAYERS_BOUNDARY_FIXED_NEGATIVE/NATURE/10x10x5,B,B4_LAYERS_BOUNDARY_FIXED_NEGATIVE,4,nature,10x10x5,10,5,10,500,DeBroglie,matched,measured,1,9,900757723,873519871,261,261,200,36,3,3,-1,0,0,init,0,0.0033,0,0.0033
B4_LAYERS_BOUNDARY_FIXED_NEGATIVE/NATURE/10x10x5,B,B4_LAYERS_BOUNDARY_FIXED_NEGATIVE,4,nature,10x10x5,10,5,10,500,DeBroglie,matched,measured,1,10,900757723,124530880,261,261,200,36,3,3,82,1,1,none,59,6.0526,0.5033,6.5559
B4_LAYERS_BOUNDARY_FIXED_NEGATIVE/NATURE/10x10x5,B,B4_LAYERS_BOUNDARY_FIXED_NEGATIVE,4,nature,10x10x5,10,5,10,500,ThisWork,heap,measured,1,0,900757723,513160540,261,261,200,36,3,3,-1,0,0,init,0,0.002,0,0.002
B4_LAYERS_BOUNDARY_FIXED_NEGATIVE/NATURE/10x10x5,B,B4_LAYERS_BOUNDARY_FIXED_NEGATIVE,4,nature,10x10x5,10,5,10,500,ThisWork,heap,measured,1,1,900757723,769481664,261,261,200,36,3,3,-1,0,0,init,0,0.0019,0,0.0019
B4_LAYERS_BOUNDARY_FIXED_NEGATIVE/NATURE/10x10x5,B,B4_LAYERS_BOUNDARY_FIXED_NEGATIVE,4,nature,10x10x5,10,5,10,500,ThisWork,heap,measured,1,2,900757723,1122795439,261,261,200,36,3,3,-1,0,0,init,0,0.0017,0,0.0017
B4_LAYERS_BOUNDARY_FIXED_NEGATIVE/NATURE/10x10x5,B,B4_LAYERS_BOUNDARY_FIXED_NEGATIVE,4,nature,10x10x5,10,5,10,500,ThisWork,heap,measured,1,3,900757723,1090867068,261,261,200,36,3,3,-1,0,0,init,0,0.0022,0,0.0022
B4_LAYERS_BOUNDARY_FIXED_NEGATIVE/NATURE/10x10x5,B,B4_LAYERS_BOUNDARY_FIXED_NEGATIVE,4,nature,10x10x5,10,5,10,500,ThisWork,heap,measured,1,4,900757723,416300829,261,261,200,36,3,3,-1,0,0,init,0,0.0019,0,0.0019
B4_LAYERS_BOUNDARY_FIXED_NEGATIVE/NATURE/10x10x5,B,B4_LAYERS_BOUNDARY_FIXED_NEGATIVE,4,nature,10x10x5,10,5,10,500,ThisWork,heap,measured,1,5,900757723,1458981877,261,261,200,36,3,3,-1,0,0,init,0,0.0022,0,0.0022
B4_LAYERS_BOUNDARY_FIXED_NEGATIVE/NATURE/10x10x5,B,B4_LAYERS_BOUNDARY_FIXED_NEGATIVE,4,nature,10x10x5,10,5,10,500,ThisWork,heap,measured,1,6,900757723,2070607307,261,261,200,36,3,3,-1,0,0,init,0,0.002,0,0.002
B4_LAYERS_BOUNDARY_FIXED_NEGATIVE/NATURE/10x10x5,B,B4_LAYERS_BOUNDARY_FIXED_NEGATIVE,4,nature,10x10x5,10,5,10,500,ThisWork,heap,measured,1,7,900757723,2064196647,261,261,200,36,3,3,-1,0,0,init,0,0.0018,0,0.0018
B4_LAYERS_BOUNDARY_FIXED_NEGATIVE/NATURE/10x10x5,B,B4_LAYERS_BOUNDARY_FIXED_NEGATIVE,4,nature,10x10x5,10,5,10,500,ThisWork,heap,measured,1,8,900757723,2019231125,261,261,200,36,3,3,-1,0,0,init,0,0.0018,0,0.0018
B4_LAYERS_BOUNDARY_FIXED_NEGATIVE/NATURE/10x10x5,B,B4_LAYERS_BOUNDARY_FIXED_NEGATIVE,4,nature,10x10x5,10,5,10,500,ThisWork,heap,measured,1,9,900757723,873519871,261,261,200,36,3,3,-1,0,0,init,0,0.0019,0,0.0019
B4_LAYERS_BOUNDARY_FIXED_NEGATIVE/NATURE/10x10x5,B,B4_LAYERS_BOUNDARY_FIXED_NEGATIVE,4,nature,10x10x5,10,5,10,500,ThisWork,heap,measured,1,10,900757723,124530880,261,261,200,36,3,3,82,1,1,none,49,2.8707,0.2339,3.1046
B4_LAYERS_BOUNDARY_FIXED_NEGATIVE/NATURE/10x10x5,B,B4_LAYERS_BOUNDARY_FIXED_NEGATIVE,4,nature,10x10x5,10,5,10,500,ThisWork,heap,measured,2,0,1324750688,1576474200,261,261,200,36,3,3,-1,0,0,init,0,0.0019,0,0.0019
B4_LAYERS_BOUNDARY_FIXED_NEGATIVE/NATURE/10x10x5,B,B4_LAYERS_BOUNDARY_FIXED_NEGATIVE,4,nature,10x10x5,10,5,10,500,ThisWork,heap,measured,2,1,1324750688,1226384891,261,261,200,36,3,3,-1,0,0,init,0,0.0037,0,0.0037
B4_LAYERS_BOUNDARY_FIXED_NEGATIVE/NATURE/10x10x5,B,B4_LAYERS_BOUNDARY_FIXED_NEGATIVE,4,nature,10x10x5,10,5,10,500,ThisWork,heap,measured,2,2,1324750688,162260767,261,261,200,36,3,3,-1,0,0,init,0,0.0032,0,0.0032
B4_LAYERS_BOUNDARY_FIXED_NEGATIVE/NATURE/10x10x5,B,B4_LAYERS_BOUNDARY_FIXED_NEGATIVE,4,nature,10x10x5,10,5,10,500,ThisWork,heap,measured,2,3,1324750688,327464912,261,261,200,36,3,3,-1,0,0,init,0,0.0027,0,0.0027
B4_LAYERS_BOUNDARY_FIXED_NEGATIVE/NATURE/10x10x5,B,B4_LAYERS_BOUNDARY_FIXED_NEGATIVE,4,nature,10x10x5,10,5,10,500,ThisWork,heap,measured,2,4,1324750688,403621497,261,261,200,36,3,3,-1,0,0,init,0,0.0017,0,0.0017
B4_LAYERS_BOUNDARY_FIXED_NEGATIVE/NATURE/10x10x5,B,B4_LAYERS_BOUNDARY_FIXED_NEGATIVE,4,nature,10x10x5,10,5,10,500,ThisWork,heap,measured,2,5,1324750688,1771155354,261,261,200,36,3,3,-1,0,0,init,0,0.0018,0,0.0018
B4_LAYERS_BOUNDARY_FIXED_NEGATIVE/NATURE/10x10x5,B,B4_LAYERS_BOUNDARY_FIXED_NEGATIVE,4,nature,10x10x5,10,5,10,500,ThisWork,heap,measured,2,6,1324750688,499852082,261,261,200,36,3,3,-1,0,0,init,0,0.0019,0,0.0019
B4_LAYERS_BOUNDARY_FIXED_NEGATIVE/NATURE/10x10x5,B,B4_LAYERS_BOUNDARY_FIXED_NEGATIVE,4,nature,10x10x5,10,5,10,500,ThisWork,heap,measured,2,7,1324750688,839791203,261,261,200,36,3,3,88,1,1,none,53,2.792,0.2913,3.0833
B4_LAYERS_BOUNDARY_FIXED_NEGATIVE/NATURE/10x10x5,B,B4_LAYERS_BOUNDARY_FIXED_NEGATIVE,4,nature,10x10x5,10,5,10,500,DeBroglie,matched,measured,2,0,1324750688,1576474200,261,261,200,36,3,3,-1,0,0,init,0,0.0019,0,0.0019
B4_LAYERS_BOUNDARY_FIXED_NEGATIVE/NATURE/10x10x5,B,B4_LAYERS_BOUNDARY_FIXED_NEGATIVE,4,nature,10x10x5,10,5,10,500,DeBroglie,matched,measured,2,1,1324750688,1226384891,261,261,200,36,3,3,-1,0,0,init,0,0.002,0,0.002
B4_LAYERS_BOUNDARY_FIXED_NEGATIVE/NATURE/10x10x5,B,B4_LAYERS_BOUNDARY_FIXED_NEGATIVE,4,nature,10x10x5,10,5,10,500,DeBroglie,matched,measured,2,2,1324750688,162260767,261,261,200,36,3,3,-1,0,0,init,0,0.0022,0,0.0022
B4_LAYERS_BOUNDARY_FIXED_NEGATIVE/NATURE/10x10x5,B,B4_LAYERS_BOUNDARY_FIXED_NEGATIVE,4,nature,10x10x5,10,5,10,500,DeBroglie,matched,measured,2,3,1324750688,327464912,261,261,200,36,3,3,-1,0,0,init,0,0.0039,0,0.0039
B4_LAYERS_BOUNDARY_FIXED_NEGATIVE/NATURE/10x10x5,B,B4_LAYERS_BOUNDARY_FIXED_NEGATIVE,4,nature,10x10x5,10,5,10,500,DeBroglie,matched,measured,2,4,1324750688,403621497,261,261,200,36,3,3,-1,0,0,init,0,0.0015,0,0.0015
B4_LAYERS_BOUNDARY_FIXED_NEGATIVE/NATURE/10x10x5,B,B4_LAYERS_BOUNDARY_FIXED_NEGATIVE,4,nature,10x10x5,10,5,10,500,DeBroglie,matched,measured,2,5,1324750688,1771155354,261,261,200,36,3,3,-1,0,0,init,0,0.002,0,0.002
B4_LAYERS_BOUNDARY_FIXED_NEGATIVE/NATURE/10x10x5,B,B4_LAYERS_BOUNDARY_FIXED_NEGATIVE,4,nature,10x10x5,10,5,10,500,DeBroglie,matched,measured,2,6,1324750688,499852082,261,261,200,36,3,3,-1,0,0,init,0,0.002,0,0.002
B4_LAYERS_BOUNDARY_FIXED_NEGATIVE/NATURE/10x10x5,B,B4_LAYERS_BOUNDARY_FIXED_NEGATIVE,4,nature,10x10x5,10,5,10,500,DeBroglie,matched,measured,2,7,1324750688,839791203,261,261,200,36,3,3,88,1,1,none,64,5.8511,0.5846,6.4357
B0_BASELINE/DESERT/10x10x5,B,B0_BASELINE,0,desert,10x10x5,10,5,10,500,ThisWork,heap,warmup,0,0,1322145668,712842996,500,500,0,0,0,0,500,1,1,none,106,0.3289,1.5208,1.8497
B0_BASELINE/DESERT/10x10x5,B,B0_BASELINE,0,desert,10x10x5,10,5,10,500,DeBroglie,matched,warmup,0,0,1322145668,712842996,500,500,0,0,0,0,500,1,1,none,79,0.4166,3.764,4.1806
B0_BASELINE/DESERT/10x10x5,B,B0_BASELINE,0,desert,10x10x5,10,5,10,500,ThisWork,heap,measured,0,0,1228699130,1175863495,500,500,0,0,0,0,500,1,1,none,69,0.332,1.5466,1.8786
B0_BASELINE/DESERT/10x10x5,B,B0_BASELINE,0,desert,10x10x5,10,5,10,500,DeBroglie,matched,measured,0,0,1228699130,1175863495,500,500,0,0,0,0,500,1,1,none,60,0.4079,3.723,4.1309
B0_BASELINE/DESERT/10x10x5,B,B0_BASELINE,0,desert,10x10x5,10,5,10,500,DeBroglie,matched,measured,1,0,1684692971,826516469,500,500,0,0,0,0,500,1,1,none,100,0.3933,3.701,4.0943
B0_BASELINE/DESERT/10x10x5,B,B0_BASELINE,0,desert,10x10x5,10,5,10,500,ThisWork,heap,measured,1,0,1684692971,826516469,500,500,0,0,0,0,500,1,1,none,88,0.3236,1.5116,1.8352
B0_BASELINE/DESERT/10x10x5,B,B0_BASELINE,0,desert,10x10x5,10,5,10,500,ThisWork,heap,measured,2,0,2111098907,897874786,500,500,0,0,0,0,500,1,1,none,109,0.3269,1.5788,1.9057
B0_BASELINE/DESERT/10x10x5,B,B0_BASELINE,0,desert,10x10x5,10,5,10,500,DeBroglie,matched,measured,2,0,2111098907,897874786,500,500,0,0,0,0,500,1,1,none,106,0.3912,3.9656,4.3568
B1_LAYERS/DESERT/10x10x5,B,B1_LAYERS,1,desert,10x10x5,10,5,10,500,ThisWork,heap,warmup,0,0,1322145668,712842996,300,300,200,0,0,0,300,1,1,none,160,0.3593,0.7872,1.1465
B1_LAYERS/DESERT/10x10x5,B,B1_LAYERS,1,desert,10x10x5,10,5,10,500,DeBroglie,matched,warmup,0,0,1322145668,712842996,300,300,200,0,0,0,300,1,1,none,101,0.8206,1.8841,2.7047
B1_LAYERS/DESERT/10x10x5,B,B1_LAYERS,1,desert,10x10x5,10,5,10,500,ThisWork,heap,measured,0,0,1228699130,1175863495,300,300,200,0,0,0,300,1,1,none,101,0.3779,0.7629,1.1408
B1_LAYERS/DESERT/10x10x5,B,B1_LAYERS,1,desert,10x10x5,10,5,10,500,DeBroglie,matched,measured,0,0,1228699130,1175863495,300,300,200,0,0,0,300,1,1,none,127,0.8044,1.9799,2.7843
B1_LAYERS/DESERT/10x10x5,B,B1_LAYERS,1,desert,10x10x5,10,5,10,500,DeBroglie,matched,measured,1,0,1684692971,826516469,300,300,200,0,0,0,300,1,1,none,145,0.8161,1.8622,2.6783
B1_LAYERS/DESERT/10x10x5,B,B1_LAYERS,1,desert,10x10x5,10,5,10,500,ThisWork,heap,measured,1,0,1684692971,826516469,300,300,200,0,0,0,300,1,1,none,108,0.357,0.7617,1.1187
B1_LAYERS/DESERT/10x10x5,B,B1_LAYERS,1,desert,10x10x5,10,5,10,500,ThisWork,heap,measured,2,0,2111098907,897874786,300,300,200,0,0,0,300,1,1,none,113,0.3393,0.7882,1.1275
B1_LAYERS/DESERT/10x10x5,B,B1_LAYERS,1,desert,10x10x5,10,5,10,500,DeBroglie,matched,measured,2,0,2111098907,897874786,300,300,200,0,0,0,300,1,1,none,70,0.8394,1.8488,2.6882
B2_LAYERS_BOUNDARY/DESERT/10x10x5,B,B2_LAYERS_BOUNDARY,2,desert,10x10x5,10,5,10,500,ThisWork,heap,warmup,0,0,1322145668,712842996,264,264,200,36,0,0,112,1,1,none,44,0.6408,0.1348,0.7756
B2_LAYERS_BOUNDARY/DESERT/10x10x5,B,B2_LAYERS_BOUNDARY,2,desert,10x10x5,10,5,10,500,DeBroglie,matched,warmup,0,0,1322145668,712842996,264,264,200,36,0,0,112,1,1,none,50,2.279,0.3439,2.6229
B2_LAYERS_BOUNDARY/DESERT/10x10x5,B,B2_LAYERS_BOUNDARY,2,desert,10x10x5,10,5,10,500,ThisWork,heap,measured,0,0,1228699130,1175863495,264,264,200,36,0,0,112,1,1,none,43,0.6584,0.1376,0.796
B2_LAYERS_BOUNDARY/DESERT/10x10x5,B,B2_LAYERS_BOUNDARY,2,desert,10x10x5,10,5,10,500,DeBroglie,matched,measured,0,0,1228699130,1175863495,264,264,200,36,0,0,112,1,1,none,47,2.1761,0.3151,2.4912
B2_LAYERS_BOUNDARY/DESERT/10x10x5,B,B2_LAYERS_BOUNDARY,2,desert,10x10x5,10,5,10,500,DeBroglie,matched,measured,1,0,1684692971,826516469,264,264,200,36,0,0,112,1,1,none,38,2.0527,0.3523,2.405
B2_LAYERS_BOUNDARY/DESERT/10x10x5,B,B2_LAYERS_BOUNDARY,2,desert,10x10x5,10,5,10,500,ThisWork,heap,measured,1,0,1684692971,826516469,264,264,200,36,0,0,112,1,1,none,24,0.6731,0.1246,0.7977
B2_LAYERS_BOUNDARY/DESERT/10x10x5,B,B2_LAYERS_BOUNDARY,2,desert,10x10x5,10,5,10,500,ThisWork,heap,measured,2,0,2111098907,897874786,264,264,200,36,0,0,112,1,1,none,41,0.6576,0.1283,0.7859
B2_LAYERS_BOUNDARY/DESERT/10x10x5,B,B2_LAYERS_BOUNDARY,2,desert,10x10x5,10,5,10,500,DeBroglie,matched,measured,2,0,2111098907,897874786,264,264,200,36,0,0,112,1,1,none,53,2.0252,0.3397,2.3649
B3_LAYERS_BOUNDARY_FIXED/DESERT/10x10x5,B,B3_LAYERS_BOUNDARY_FIXED,3,desert,10x10x5,10,5,10,500,ThisWork,heap,warmup,0,0,1322145668,712842996,262,262,200,36,2,2,-1,0,0,init,0,0.0022,0,0.0022
B3_LAYERS_BOUNDARY_FIXED/DESERT/10x10x5,B,B3_LAYERS_BOUNDARY_FIXED,3,desert,10x10x5,10,5,10,500,ThisWork,heap,warmup,0,1,1322145668,1861742996,262,262,200,36,2,2,91,1,1,none,29,0.7336,0.278,1.0116
B3_LAYERS_BOUNDARY_FIXED/DESERT/10x10x5,B,B3_LAYERS_BOUNDARY_FIXED,3,desert,10x10x5,10,5,10,500,DeBroglie,matched,warmup,0,0,1322145668,712842996,262,262,200,36,2,2,-1,0,0,init,0,0.0025,0,0.0025
B3_LAYERS_BOUNDARY_FIXED/DESERT/10x10x5,B,B3_LAYERS_BOUNDARY_FIXED,3,desert,10x10x5,10,5,10,500,DeBroglie,matched,warmup,0,1,1322145668,1861742996,262,262,200,36,2,2,91,1,1,none,44,2.1659,0.2398,2.4057
B3_LAYERS_BOUNDARY_FIXED/DESERT/10x10x5,B,B3_LAYERS_BOUNDARY_FIXED,3,desert,10x10x5,10,5,10,500,ThisWork,heap,measured,0,0,1228699130,1175863495,262,262,200,36,2,2,92,1,1,none,27,0.745,0.0823,0.8273
B3_LAYERS_BOUNDARY_FIXED/DESERT/10x10x5,B,B3_LAYERS_BOUNDARY_FIXED,3,desert,10x10x5,10,5,10,500,DeBroglie,matched,measured,0,0,1228699130,1175863495,262,262,200,36,2,2,92,1,1,none,33,2.1304,0.2155,2.3459
B3_LAYERS_BOUNDARY_FIXED/DESERT/10x10x5,B,B3_LAYERS_BOUNDARY_FIXED,3,desert,10x10x5,10,5,10,500,DeBroglie,matched,measured,1,0,1684692971,826516469,262,262,200,36,2,2,97,1,1,none,42,2.1205,0.2506,2.3711
B3_LAYERS_BOUNDARY_FIXED/DESERT/10x10x5,B,B3_LAYERS_BOUNDARY_FIXED,3,desert,10x10x5,10,5,10,500,ThisWork,heap,measured,1,0,1684692971,826516469,262,262,200,36,2,2,97,1,1,none,46,0.7434,0.0889,0.8323
B3_LAYERS_BOUNDARY_FIXED/DESERT/10x10x5,B,B3_LAYERS_BOUNDARY_FIXED,3,desert,10x10x5,10,5,10,500,ThisWork,heap,measured,2,0,2111098907,897874786,262,262,200,36,2,2,-1,0,0,init,0,0.0019,0,0.0019
B3_LAYERS_BOUNDARY_FIXED/DESERT/10x10x5,B,B3_LAYERS_BOUNDARY_FIXED,3,desert,10x10x5,10,5,10,500,ThisWork,heap,measured,2,1,2111098907,1289565554,262,262,200,36,2,2,-1,0,0,init,0,0.0024,0,0.0024
B3_LAYERS_BOUNDARY_FIXED/DESERT/10x10x5,B,B3_LAYERS_BOUNDARY_FIXED,3,desert,10x10x5,10,5,10,500,ThisWork,heap,measured,2,2,2111098907,446688758,262,262,200,36,2,2,-1,0,0,init,0,0.0017,0,0.0017
B3_LAYERS_BOUNDARY_FIXED/DESERT/10x10x5,B,B3_LAYERS_BOUNDARY_FIXED,3,desert,10x10x5,10,5,10,500,ThisWork,heap,measured,2,3,2111098907,544459971,262,262,200,36,2,2,-1,0,0,init,0,0.0016,0,0.0016
B3_LAYERS_BOUNDARY_FIXED/DESERT/10x10x5,B,B3_LAYERS_BOUNDARY_FIXED,3,desert,10x10x5,10,5,10,500,ThisWork,heap,measured,2,4,2111098907,1461070044,262,262,200,36,2,2,-1,0,0,init,0,0.0017,0,0.0017
B3_LAYERS_BOUNDARY_FIXED/DESERT/10x10x5,B,B3_LAYERS_BOUNDARY_FIXED,3,desert,10x10x5,10,5,10,500,ThisWork,heap,measured,2,5,2111098907,2119141123,262,262,200,36,2,2,-1,0,0,init,0,0.002,0,0.002
B3_LAYERS_BOUNDARY_FIXED/DESERT/10x10x5,B,B3_LAYERS_BOUNDARY_FIXED,3,desert,10x10x5,10,5,10,500,ThisWork,heap,measured,2,6,2111098907,906415961,262,262,200,36,2,2,-1,0,0,init,0,0.0036,0,0.0036
B3_LAYERS_BOUNDARY_FIXED/DESERT/10x10x5,B,B3_LAYERS_BOUNDARY_FIXED,3,desert,10x10x5,10,5,10,500,ThisWork,heap,measured,2,7,2111098907,34440043,262,262,200,36,2,2,-1,0,0,init,0,0.0021,0,0.0021
B3_LAYERS_BOUNDARY_FIXED/DESERT/10x10x5,B,B3_LAYERS_BOUNDARY_FIXED,3,desert,10x10x5,10,5,10,500,ThisWork,heap,measured,2,8,2111098907,1389032826,262,262,200,36,2,2,97,1,1,none,39,0.722,0.1038,0.8258
B3_LAYERS_BOUNDARY_FIXED/DESERT/10x10x5,B,B3_LAYERS_BOUNDARY_FIXED,3,desert,10x10x5,10,5,10,500,DeBroglie,matched,measured,2,0,2111098907,897874786,262,262,200,36,2,2,-1,0,0,init,0,0.0019,0,0.0019
B3_LAYERS_BOUNDARY_FIXED/DESERT/10x10x5,B,B3_LAYERS_BOUNDARY_FIXED,3,desert,10x10x5,10,5,10,500,DeBroglie,matched,measured,2,1,2111098907,1289565554,262,262,200,36,2,2,-1,0,0,init,0,0.0022,0,0.0022
B3_LAYERS_BOUNDARY_FIXED/DESERT/10x10x5,B,B3_LAYERS_BOUNDARY_FIXED,3,desert,10x10x5,10,5,10,500,DeBroglie,matched,measured,2,2,2111098907,446688758,262,262,200,36,2,2,-1,0,0,init,0,0.0021,0,0.0021
B3_LAYERS_BOUNDARY_FIXED/DESERT/10x10x5,B,B3_LAYERS_BOUNDARY_FIXED,3,desert,10x10x5,10,5,10,500,DeBroglie,matched,measured,2,3,2111098907,544459971,262,262,200,36,2,2,-1,0,0,init,0,0.0017,0,0.0017
B3_LAYERS_BOUNDARY_FIXED/DESERT/10x10x5,B,B3_LAYERS_BOUNDARY_FIXED,3,desert,10x10x5,10,5,10,500,DeBroglie,matched,measured,2,4,2111098907,1461070044,262,262,200,36,2,2,-1,0,0,init,0,0.0017,0,0.0017
B3_LAYERS_BOUNDARY_FIXED/DESERT/10x10x5,B,B3_LAYERS_BOUNDARY_FIXED,3,desert,10x10x5,10,5,10,500,DeBroglie,matched,measured,2,5,2111098907,2119141123,262,262,200,36,2,2,-1,0,0,init,0,0.0021,0,0.0021
B3_LAYERS_BOUNDARY_FIXED/DESERT/10x10x5,B,B3_LAYERS_BOUNDARY_FIXED,3,desert,10x10x5,10,5,10,500,DeBroglie,matched,measured,2,6,2111098907,906415961,262,262,200,36,2,2,-1,0,0,init,0,0.0023,0,0.0023
B3_LAYERS_BOUNDARY_FIXED/DESERT/10x10x5,B,B3_LAYERS_BOUNDARY_FIXED,3,desert,10x10x5,10,5,10,500,DeBroglie,matched,measured,2,7,2111098907,34440043,262,262,200,36,2,2,-1,0,0,init,0,0.0023,0,0.0023
B3_LAYERS_BOUNDARY_FIXED/DESERT/10x10x5,B,B3_LAYERS_BOUNDARY_FIXED,3,desert,10x10x5,10,5,10,500,DeBroglie,matched,measured,2,8,2111098907,1389032826,262,262,200,36,2,2,97,1,1,none,39,2.114,0.2693,2.3833
B4_LAYERS_BOUNDARY_FIXED_NEGATIVE/DESERT/10x10x5,B,B4_LAYERS_BOUNDARY_FIXED_NEGATIVE,4,desert,10x10x5,10,5,10,500,ThisWork,heap,warmup,0,0,1322145668,712842996,262,262,200,36,2,2,-1,0,0,init,0,0.0017,0,0.0017
B4_LAYERS_BOUNDARY_FIXED_NEGATIVE/DESERT/10x10x5,B,B4_LAYERS_BOUNDARY_FIXED_NEGATIVE,4,desert,10x10x5,10,5,10,500,ThisWork,heap,warmup,0,1,1322145668,1861742996,262,262,200,36,2,2,64,1,1,none,44,0.669,0.1097,0.7787
B4_LAYERS_BOUNDARY_FIXED_NEGATIVE/DESERT/10x10x5,B,B4_LAYERS_BOUNDARY_FIXED_NEGATIVE,4,desert,10x10x5,10,5,10,500,DeBroglie,matched,warmup,0,0,1322145668,712842996,262,262,200,36,2,2,-1,0,0,init,0,0.0031,0,0.0031
B4_LAYERS_BOUNDARY_FIXED_NEGATIVE/DESERT/10x10x5,B,B4_LAYERS_BOUNDARY_FIXED_NEGATIVE,4,desert,10x10x5,10,5,10,500,DeBroglie,matched,warmup,0,1,1322145668,1861742996,262,262,200,36,2,2,64,1,1,none,36,2.1378,0.1501,2.2879
B4_LAYERS_BOUNDARY_FIXED_NEGATIVE/DESERT/10x10x5,B,B4_LAYERS_BOUNDARY_FIXED_NEGATIVE,4,desert,10x10x5,10,5,10,500,ThisWork,heap,measured,0,0,1228699130,1175863495,262,262,200,36,2,2,62,1,1,none,32,0.6908,0.0591,0.7499
B4_LAYERS_BOUNDARY_FIXED_NEGATIVE/DESERT/10x10x5,B,B4_LAYERS_BOUNDARY_FIXED_NEGATIVE,4,desert,10x10x5,10,5,10,500,DeBroglie,matched,measured,0,0,1228699130,1175863495,262,262,200,36,2,2,62,1,1,none,42,2.252,0.1388,2.3908
B4_LAYERS_BOUNDARY_FIXED_NEGATIVE/DESERT/10x10x5,B,B4_LAYERS_BOUNDARY_FIXED_NEGATIVE,4,desert,10x10x5,10,5,10,500,DeBroglie,matched,measured,1,0,1684692971,826516469,262,262,200,36,2,2,65,1,1,none,37,2.205,0.1846,2.3896
B4_LAYERS_BOUNDARY_FIXED_NEGATIVE/DESERT/10x10x5,B,B4_LAYERS_BOUNDARY_FIXED_NEGATIVE,4,desert,10x10x5,10,5,10,500,ThisWork,heap,measured,1,0,1684692971,826516469,262,262,200,36,2,2,65,1,1,none,45,0.6777,0.0498,0.7275
B4_LAYERS_BOUNDARY_FIXED_NEGATIVE/DESERT/10x10x5,B,B4_LAYERS_BOUNDARY_FIXED_NEGATIVE,4,desert,10x10x5,10,5,10,500,ThisWork,heap,measured,2,0,2111098907,897874786,262,262,200,36,2,2,-1,0,0,init,0,0.0016,0,0.0016
B4_LAYERS_BOUNDARY_FIXED_NEGATIVE/DESERT/10x10x5,B,B4_LAYERS_BOUNDARY_FIXED_NEGATIVE,4,desert,10x10x5,10,5,10,500,ThisWork,heap,measured,2,1,2111098907,1289565554,262,262,200,36,2,2,-1,0,0,init,0,0.0021,0,0.0021
B4_LAYERS_BOUNDARY_FIXED_NEGATIVE/DESERT/10x10x5,B,B4_LAYERS_BOUNDARY_FIXED_NEGATIVE,4,desert,10x10x5,10,5,10,500,ThisWork,heap,measured,2,2,2111098907,446688758,262,262,200,36,2,2,-1,0,0,init,0,0.0032,0,0.0032
B4_LAYERS_BOUNDARY_FIXED_NEGATIVE/DESERT/10x10x5,B,B4_LAYERS_BOUNDARY_FIXED_NEGATIVE,4,desert,10x10x5,10,5,10,500,ThisWork,heap,measured,2,3,2111098907,544459971,262,262,200,36,2,2,-1,0,0,init,0,0.0016,0,0.0016
B4_LAYERS_BOUNDARY_FIXED_NEGATIVE/DESERT/10x10x5,B,B4_LAYERS_BOUNDARY_FIXED_NEGATIVE,4,desert,10x10x5,10,5,10,500,ThisWork,heap,measured,2,4,2111098907,1461070044,262,262,200,36,2,2,-1,0,0,init,0,0.0022,0,0.0022
B4_LAYERS_BOUNDARY_FIXED_NEGATIVE/DESERT/10x10x5,B,B4_LAYERS_BOUNDARY_FIXED_NEGATIVE,4,desert,10x10x5,10,5,10,500,ThisWork,heap,measured,2,5,2111098907,2119141123,262,262,200,36,2,2,-1,0,0,init,0,0.0033,0,0.0033
B4_LAYERS_BOUNDARY_FIXED_NEGATIVE/DESERT/10x10x5,B,B4_LAYERS_BOUNDARY_FIXED_NEGATIVE,4,desert,10x10x5,10,5,10,500,ThisWork,heap,measured,2,6,2111098907,906415961,262,262,200,36,2,2,-1,0,0,init,0,0.0019,0,0.0019
B4_LAYERS_BOUNDARY_FIXED_NEGATIVE/DESERT/10x10x5,B,B4_LAYERS_BOUNDARY_FIXED_NEGATIVE,4,desert,10x10x5,10,5,10,500,ThisWork,heap,measured,2,7,2111098907,34440043,262,262,200,36,2,2,-1,0,0,init,0,0.0031,0,0.0031
B4_LAYERS_BOUNDARY_FIXED_NEGATIVE/DESERT/10x10x5,B,B4_LAYERS_BOUNDARY_FIXED_NEGATIVE,4,desert,10x10x5,10,5,10,500,ThisWork,heap,measured,2,8,2111098907,1389032826,262,262,200,36,2,2,76,1,1,none,47,0.6808,0.0766,0.7574
B4_LAYERS_BOUNDARY_FIXED_NEGATIVE/DESERT/10x10x5,B,B4_LAYERS_BOUNDARY_FIXED_NEGATIVE,4,desert,10x10x5,10,5,10,500,DeBroglie,matched,measured,2,0,2111098907,897874786,262,262,200,36,2,2,-1,0,0,init,0,0.0016,0,0.0016
B4_LAYERS_BOUNDARY_FIXED_NEGATIVE/DESERT/10x10x5,B,B4_LAYERS_BOUNDARY_FIXED_NEGATIVE,4,desert,10x10x5,10,5,10,500,DeBroglie,matched,measured,2,1,2111098907,1289565554,262,262,200,36,2,2,-1,0,0,init,0,0.0019,0,0.0019
B4_LAYERS_BOUNDARY_FIXED_NEGATIVE/DESERT/10x10x5,B,B4_LAYERS_BOUNDARY_FIXED_NEGATIVE,4,desert,10x10x5,10,5,10,500,DeBroglie,matched,measured,2,2,2111098907,446688758,262,262,200,36,2,2,-1,0,0,init,0,0.0015,0,0.0015
B4_LAYERS_BOUNDARY_FIXED_NEGATIVE/DESERT/10x10x5,B,B4_LAYERS_BOUNDARY_FIXED_NEGATIVE,4,desert,10x10x5,10,5,10,500,DeBroglie,matched,measured,2,3,2111098907,544459971,262,262,200,36,2,2,-1,0,0,init,0,0.0028,0,0.0028
B4_LAYERS_BOUNDARY_FIXED_NEGATIVE/DESERT/10x10x5,B,B4_LAYERS_BOUNDARY_FIXED_NEGATIVE,4,desert,10x10x5,10,5,10,500,DeBroglie,matched,measured,2,4,2111098907,1461070044,262,262,200,36,2,2,-1,0,0,init,0,0.0021,0,0.0021
B4_LAYERS_BOUNDARY_FIXED_NEGATIVE/DESERT/10x10x5,B,B4_LAYERS_BOUNDARY_FIXED_NEGATIVE,4,desert,10x10x5,10,5,10,500,DeBroglie,matched,measured,2,5,2111098907,2119141123,262,262,200,36,2,2,-1,0,0,init,0,0.0018,0,0.0018
B4_LAYERS_BOUNDARY_FIXED_NEGATIVE/DESERT/10x10x5,B,B4_LAYERS_BOUNDARY_FIXED_NEGATIVE,4,desert,10x10x5,10,5,10,500,DeBroglie,matched,measured,2,6,2111098907,906415961,262,262,200,36,2,2,-1,0,0,init,0,0.0035,0,0.0035
B4_LAYERS_BOUNDARY_FIXED_NEGATIVE/DESERT/10x10x5,B,B4_LAYERS_BOUNDARY_FIXED_NEGATIVE,4,desert,10x10x5,10,5,10,500,DeBroglie,matched,measured,2,7,2111098907,34440043,262,262,200,36,2,2,-1,0,0,init,0,0.0016,0,0.0016
B4_LAYERS_BOUNDARY_FIXED_NEGATIVE/DESERT/10x10x5,B,B4_LAYERS_BOUNDARY_FIXED_NEGATIVE,4,desert,10x10x5,10,5,10,500,DeBroglie,matched,measured,2,8,2111098907,1389032826,262,262,200,36,2,2,76,1,1,none,38,2.0908,0.1929,2.2837
B0_BASELINE/FARM/10x10x5,B,B0_BASELINE,0,farm,10x10x5,10,5,10,500,ThisWork,heap,warmup,0,0,1931051739,1651552639,500,500,0,0,0,0,500,1,1,none,325,0.8581,5.8348,6.6929
B0_BASELINE/FARM/10x10x5,B,B0_BASELINE,0,farm,10x10x5,10,5,10,500,DeBroglie,matched,warmup,0,0,1931051739,1651552639,500,500,0,0,0,0,500,1,1,none,272,0.8671,12.6889,13.556
B0_BASELINE/FARM/10x10x5,B,B0_BASELINE,0,farm,10x10x5,10,5,10,500,ThisWork,heap,measured,0,0,349573240,2046802624,500,500,0,0,0,0,500,1,1,none,241,0.9126,5.8831,6.7957
B0_BASELINE/FARM/10x10x5,B,B0_BASELINE,0,farm,10x10x5,10,5,10,500,DeBroglie,matched,measured,0,0,349573240,2046802624,500,500,0,0,0,0,500,1,1,none,215,0.8456,12.0924,12.938
B0_BASELINE/FARM/10x10x5,B,B0_BASELINE,0,farm,10x10x5,10,5,10,500,DeBroglie,matched,measured,1,0,816534088,1676452160,500,500,0,0,0,0,500,1,1,none,118,0.8657,12.3946,13.2603
B0_BASELINE/FARM/10x10x5,B,B0_BASELINE,0,farm,10x10x5,10,5,10,500,ThisWork,heap,measured,1,0,816534088,1676452160,500,500,0,0,0,0,500,1,1,none,293,0.8677,5.7188,6.5865
B0_BASELINE/FARM/10x10x5,B,B0_BASELINE,0,farm,10x10x5,10,5,10,500,ThisWork,heap,measured,2,0,903964553,393838658,500,500,0,0,0,0,500,1,1,none,254,0.872,5.8847,6.7567
B0_BASELINE/FARM/10x10x5,B,B0_BASELINE,0,farm,10x10x5,10,5,10,500,DeBroglie,matched,measured,2,0,903964553,393838658,500,500,0,0,0,0,500,1,1,none,239,0.8752,12.2803,13.1555
B1_LAYERS/FARM/10x10x5,B,B1_LAYERS,1,farm,10x10x5,10,5,10,500,ThisWork,heap,warmup,0,0,1931051739,1651552639,300,300,200,0,0,0,300,1,1,none,89,1.2877,2.454,3.7417
B1_LAYERS/FARM/10x10x5,B,B1_LAYERS,1,farm,10x10x5,10,5,10,500,DeBroglie,matched,warmup,0,0,1931051739,1651552639,300,300,200,0,0,0,300,1,1,none,169,2.5488,5.3885,7.9373
B1_LAYERS/FARM/10x10x5,B,B1_LAYERS,1,farm,10x10x5,10,5,10,500,ThisWork,heap,measured,0,0,349573240,2046802624,300,300,200,0,0,0,300,1,1,none,150,1.3158,2.5032,3.819
B1_LAYERS/FARM/10x10x5,B,B1_LAYERS,1,farm,10x10x5,10,5,10,500,DeBroglie,matched,measured,0,0,349573240,2046802624,300,300,200,0,0,0,300,1,1,none,49,2.8434,5.6401,8.4835
B1_LAYERS/FARM/10x10x5,B,B1_LAYERS,1,farm,10x10x5,10,5,10,500,DeBroglie,matched,measured,1,0,816534088,1676452160,300,300,200,0,0,0,300,1,1,none,134,2.6506,5.6194,8.27
B1_LAYERS/FARM/10x10x5,B,B1_LAYERS,1,farm,10x10x5,10,5,10,500,ThisWork,heap,measured,1,0,816534088,1676452160,300,300,200,0,0,0,300,1,1,none,134,1.2984,2.4891,3.7875
B1_LAYERS/FARM/10x10x5,B,B1_LAYERS,1,farm,10x10x5,10,5,10,500,ThisWork,heap,measured,2,0,903964553,393838658,300,300,200,0,0,0,300,1,1,none,132,1.2919,2.5036,3.7955
B1_LAYERS/FARM/10x10x5,B,B1_LAYERS,1,farm,10x10x5,10,5,10,500,DeBroglie,matched,measured,2,0,903964553,393838658,300,300,200,0,0,0,300,1,1,none,139,2.6278,5.5383,8.1661
B2_LAYERS_BOUNDARY/FARM/10x10x5,B,B2_LAYERS_BOUNDARY,2,farm,10x10x5,10,5,10,500,ThisWork,heap,warmup,0,0,1931051739,1651552639,264,264,200,36,0,0,132,1,1,none,66,2.7529,0.427,3.1799
B2_LAYERS_BOUNDARY/FARM/10x10x5,B,B2_LAYERS_BOUNDARY,2,farm,10x10x5,10,5,10,500,DeBroglie,matched,warmup,0,0,1931051739,1651552639,264,264,200,36,0,0,132,1,1,none,88,6.3833,0.9535,7.3368
B2_LAYERS_BOUNDARY/FARM/10x10x5,B,B2_LAYERS_BOUNDARY,2,farm,10x10x5,10,5,10,500,ThisWork,heap,measured,0,0,349573240,2046802624,264,264,200,36,0,0,132,1,1,none,72,2.8774,0.4778,3.3552
B2_LAYERS_BOUNDARY/FARM/10x10x5,B,B2_LAYERS_BOUNDARY,2,farm,10x10x5,10,5,10,500,DeBroglie,matched,measured,0,0,349573240,2046802624,264,264,200,36,0,0,132,1,1,none,83,6.5354,1.0095,7.5449
B2_LAYERS_BOUNDARY/FARM/10x10x5,B,B2_LAYERS_BOUNDARY,2,farm,10x10x5,10,5,10,500,DeBroglie,matched,measured,1,0,816534088,1676452160,264,264,200,36,0,0,132,1,1,none,83,6.2875,0.9084,7.1959
B2_LAYERS_BOUNDARY/FARM/10x10x5,B,B2_LAYERS_BOUNDARY,2,farm,10x10x5,10,5,10,500,ThisWork,heap,measured,1,0,816534088,1676452160,264,264,200,36,0,0,132,1,1,none,69,2.5881,0.4369,3.025
B2_LAYERS_BOUNDARY/FARM/10x10x5,B,B2_LAYERS_BOUNDARY,2,farm,10x10x5,10,5,10,500,ThisWork,heap,measured,2,0,903964553,393838658,264,264,200,36,0,0,132,1,1,none,57,2.7065,0.4633,3.1698
B2_LAYERS_BOUNDARY/FARM/10x10x5,B,B2_LAYERS_BOUNDARY,2,farm,10x10x5,10,5,10,500,DeBroglie,matched,measured,2,0,903964553,393838658,264,264,200,36,0,0,132,1,1,none,68,6.37,1.0084,7.3784
B3_LAYERS_BOUNDARY_FIXED/FARM/10x10x5,B,B3_LAYERS_BOUNDARY_FIXED,3,farm,10x10x5,10,5,10,500,ThisWork,heap,warmup,0,0,1931051739,1651552639,262,262,200,36,2,2,-1,0,0,init,0,0.0033,0,0.0033
B3_LAYERS_BOUNDARY_FIXED/FARM/10x10x5,B,B3_LAYERS_BOUNDARY_FIXED,3,farm,10x10x5,10,5,10,500,ThisWork,heap,warmup,0,1,1931051739,1862827014,262,262,200,36,2,2,-1,0,0,init,0,0.0027,0,0.0027
B3_LAYERS_BOUNDARY_FIXED/FARM/10x10x5,B,B3_LAYERS_BOUNDARY_FIXED,3,farm,10x10x5,10,5,10,500,ThisWork,heap,warmup,0,2,1931051739,145897886,262,262,200,36,2,2,-1,0,0,init,0,0.0023,0,0.0023
B3_LAYERS_BOUNDARY_FIXED/FARM/10x10x5,B,B3_LAYERS_BOUNDARY_FIXED,3,farm,10x10x5,10,5,10,500,ThisWork,heap,warmup,0,3,1931051739,714847669,262,262,200,36,2,2,-1,0,0,init,0,0.2127,0,0.2127
B3_LAYERS_BOUNDARY_FIXED/FARM/10x10x5,B,B3_LAYERS_BOUNDARY_FIXED,3,farm,10x10x5,10,5,10,500,ThisWork,heap,warmup,0,4,1931051739,2113819747,262,262,200,36,2,2,-1,0,0,init,0,0.002,0,0.002
B3_LAYERS_BOUNDARY_FIXED/FARM/10x10x5,B,B3_LAYERS_BOUNDARY_FIXED,3,farm,10x10x5,10,5,10,500,ThisWork,heap,warmup,0,5,1931051739,1331284929,262,262,200,36,2,2,-1,0,0,init,0,0.0018,0,0.0018
B3_LAYERS_BOUNDARY_FIXED/FARM/10x10x5,B,B3_LAYERS_BOUNDARY_FIXED,3,farm,10x10x5,10,5,10,500,ThisWork,heap,warmup,0,6,1931051739,587970919,262,262,200,36,2,2,-1,0,0,init,0,0.0019,0,0.0019
B3_LAYERS_BOUNDARY_FIXED/FARM/10x10x5,B,B3_LAYERS_BOUNDARY_FIXED,3,farm,10x10x5,10,5,10,500,ThisWork,heap,warmup,0,7,1931051739,1037138747,262,262,200,36,2,2,-1,0,0,init,0,0.0019,0,0.0019
B3_LAYERS_BOUNDARY_FIXED/FARM/10x10x5,B,B3_LAYERS_BOUNDARY_FIXED,3,farm,10x10x5,10,5,10,500,ThisWork,heap,warmup,0,8,1931051739,657255361,262,262,200,36,2,2,-1,0,0,init,0,0.051,0,0.051
B3_LAYERS_BOUNDARY_FIXED/FARM/10x10x5,B,B3_LAYERS_BOUNDARY_FIXED,3,farm,10x10x5,10,5,10,500,ThisWork,heap,warmup,0,9,1931051739,1366485599,262,262,200,36,2,2,-1,0,0,init,0,0.0036,0,0.0036
B3_LAYERS_BOUNDARY_FIXED/FARM/10x10x5,B,B3_LAYERS_BOUNDARY_FIXED,3,farm,10x10x5,10,5,10,500,ThisWork,heap,warmup,0,10,1931051739,1036057297,262,262,200,36,2,2,-1,0,0,init,0,0.0029,0,0.0029
B3_LAYERS_BOUNDARY_FIXED/FARM/10x10x5,B,B3_LAYERS_BOUNDARY_FIXED,3,farm,10x10x5,10,5,10,500,ThisWork,heap,warmup,0,11,1931051739,1186112155,262,262,200,36,2,2,-1,0,0,init,0,0.0019,0,0.0019
B3_LAYERS_BOUNDARY_FIXED/FARM/10x10x5,B,B3_LAYERS_BOUNDARY_FIXED,3,farm,10x10x5,10,5,10,500,ThisWork,heap,warmup,0,12,1931051739,1006956871,262,262,200,36,2,2,111,1,1,none,50,2.7935,0.2149,3.0084
B3_LAYERS_BOUNDARY_FIXED/FARM/10x10x5,B,B3_LAYERS_BOUNDARY_FIXED,3,farm,10x10x5,10,5,10,500,DeBroglie,matched,warmup,0,0,1931051739,1651552639,262,262,200,36,2,2,-1,0,0,init,0,0.0016,0,0.0016
B3_LAYERS_BOUNDARY_FIXED/FARM/10x10x5,B,B3_LAYERS_BOUNDARY_FIXED,3,farm,10x10x5,10,5,10,500,DeBroglie,matched,warmup,0,1,1931051739,1862827014,262,262,200,36,2,2,-1,0,0,init,0,0.0042,0,0.0042
B3_LAYERS_BOUNDARY_FIXED/FARM/10x10x5,B,B3_LAYERS_BOUNDARY_FIXED,3,farm,10x10x5,10,5,10,500,DeBroglie,matched,warmup,0,2,1931051739,145897886,262,262,200,36,2,2,-1,0,0,init,0,0.0025,0,0.0025
B3_LAYERS_BOUNDARY_FIXED/FARM/10x10x5,B,B3_LAYERS_BOUNDARY_FIXED,3,farm,10x10x5,10,5,10,500,DeBroglie,matched,warmup,0,3,1931051739,714847669,262,262,200,36,2,2,-1,0,0,init,0,6.711,0,6.711
B3_LAYERS_BOUNDARY_FIXED/FARM/10x10x5,B,B3_LAYERS_BOUNDARY_FIXED,3,farm,10x10x5,10,5,10,500,DeBroglie,matched,warmup,0,4,1931051739,2113819747,262,262,200,36,2,2,-1,0,0,init,0,0.0043,0,0.0043
B3_LAYERS_BOUNDARY_FIXED/FARM/10x10x5,B,B3_LAYERS_BOUNDARY_FIXED,3,farm,10x10x5,10,5,10,500,DeBroglie,matched,warmup,0,5,1931051739,1331284929,262,262,200,36,2,2,-1,0,0,init,0,0.0016,0,0.0016
B3_LAYERS_BOUNDARY_FIXED/FARM/10x10x5,B,B3_LAYERS_BOUNDARY_FIXED,3,farm,10x10x5,10,5,10,500,DeBroglie,matched,warmup,0,6,1931051739,587970919,262,262,200,36,2,2,-1,0,0,init,0,0.0026,0,0.0026
B3_LAYERS_BOUNDARY_FIXED/FARM/10x10x5,B,B3_LAYERS_BOUNDARY_FIXED,3,farm,10x10x5,10,5,10,500,DeBroglie,matched,warmup,0,7,1931051739,1037138747,262,262,200,36,2,2,-1,0,0,init,0,0.0021,0,0.0021
B3_LAYERS_BOUNDARY_FIXED/FARM/10x10x5,B,B3_LAYERS_BOUNDARY_FIXED,3,farm,10x10x5,10,5,10,500,DeBroglie,matched,warmup,0,8,1931051739,657255361,262,262,200,36,2,2,-1,0,0,init,0,3.0319,0,3.0319
B3_LAYERS_BOUNDARY_FIXED/FARM/10x10x5,B,B3_LAYERS_BOUNDARY_FIXED,3,farm,10x10x5,10,5,10,500,DeBroglie,matched,warmup,0,9,1931051739,1366485599,262,262,200,36,2,2,-1,0,0,init,0,0.0021,0,0.0021
B3_LAYERS_BOUNDARY_FIXED/FARM/10x10x5,B,B3_LAYERS_BOUNDARY_FIXED,3,farm,10x10x5,10,5,10,500,DeBroglie,matched,warmup,0,10,1931051739,1036057297,262,262,200,36,2,2,-1,0,0,init,0,0.0033,0,0.0033
B3_LAYERS_BOUNDARY_FIXED/FARM/10x10x5,B,B3_LAYERS_BOUNDARY_FIXED,3,farm,10x10x5,10,5,10,500,DeBroglie,matched,warmup,0,11,1931051739,1186112155,262,262,200,36,2,2,-1,0,0,init,0,0.0065,0,0.0065
B3_LAYERS_BOUNDARY_FIXED/FARM/10x10x5,B,B3_LAYERS_BOUNDARY_FIXED,3,farm,10x10x5,10,5,10,500,DeBroglie,matched,warmup,0,12,1931051739,1006956871,262,262,200,36,2,2,111,1,1,none,59,6.8208,0.4067,7.2275
B3_LAYERS_BOUNDARY_FIXED/FARM/10x10x5,B,B3_LAYERS_BOUNDARY_FIXED,3,farm,10x10x5,10,5,10,500,ThisWork,heap,measured,0,0,349573240,2046802624,262,262,200,36,2,2,-1,0,0,init,0,0.1527,0,0.1527
B3_LAYERS_BOUNDARY_FIXED/FARM/10x10x5,B,B3_LAYERS_BOUNDARY_FIXED,3,farm,10x10x5,10,5,10,500,ThisWork,heap,measured,0,1,349573240,224738516,262,262,200,36,2,2,119,1,1,none,45,2.9598,0.2036,3.1634
B3_LAYERS_BOUNDARY_FIXED/FARM/10x10x5,B,B3_LAYERS_BOUNDARY_FIXED,3,farm,10x10x5,10,5,10,500,DeBroglie,matched,measured,0,0,349573240,2046802624,262,262,200,36,2,2,-1,0,0,init,0,5.3196,0,5.3196
B3_LAYERS_BOUNDARY_FIXED/FARM/10x10x5,B,B3_LAYERS_BOUNDARY_FIXED,3,farm,10x10x5,10,5,10,500,DeBroglie,matched,measured,0,1,349573240,224738516,262,262,200,36,2,2,119,1,1,none,58,6.9501,0.4743,7.4244
B3_LAYERS_BOUNDARY_FIXED/FARM/10x10x5,B,B3_LAYERS_BOUNDARY_FIXED,3,farm,10x10x5,10,5,10,500,DeBroglie,matched,measured,1,0,816534088,1676452160,262,262,200,36,2,2,-1,0,0,init,0,0.0019,0,0.0019
B3_LAYERS_BOUNDARY_FIXED/FARM/10x10x5,B,B3_LAYERS_BOUNDARY_FIXED,3,farm,10x10x5,10,5,10,500,DeBroglie,matched,measured,1,1,816534088,1889124737,262,262,200,36,2,2,-1,0,0,init,0,0.002,0,0.002
B3_LAYERS_BOUNDARY_FIXED/FARM/10x10x5,B,B3_LAYERS_BOUNDARY_FIXED,3,farm,10x10x5,10,5,10,500,DeBroglie,matched,measured,1,2,816534088,712429743,262,262,200,36,2,2,-1,0,0,init,0,0.0038,0,0.0038
B3_LAYERS_BOUNDARY_FIXED/FARM/10x10x5,B,B3_LAYERS_BOUNDARY_FIXED,3,farm,10x10x5,10,5,10,500,DeBroglie,matched,measured,1,3,816534088,1333682931,262,262,200,36,2,2,-1,0,0,init,0,0.0021,0,0.0021
B3_LAYERS_BOUNDARY_FIXED/FARM/10x10x5,B,B3_LAYERS_BOUNDARY_FIXED,3,farm,10x10x5,10,5,10,500,DeBroglie,matched,measured,1,4,816534088,705475632,262,262,200,36,2,2,-1,0,0,init,0,0.0035,0,0.0035
B3_LAYERS_BOUNDARY_FIXED/FARM/10x10x5,B,B3_LAYERS_BOUNDARY_FIXED,3,farm,10x10x5,10,5,10,500,DeBroglie,matched,measured,1,5,816534088,986258472,262,262,200,36,2,2,-1,0,0,init,0,6.7116,0,6.7116
B3_LAYERS_BOUNDARY_FIXED/FARM/10x10x5,B,B3_LAYERS_BOUNDARY_FIXED,3,farm,10x10x5,10,5,10,500,DeBroglie,matched,measured,1,6,816534088,1740429036,262,262,200,36,2,2,118,1,1,none,71,6.8205,0.536,7.3565
B3_LAYERS_BOUNDARY_FIXED/FARM/10x10x5,B,B3_LAYERS_BOUNDARY_FIXED,3,farm,10x10x5,10,5,10,500,ThisWork,heap,measured,1,0,816534088,1676452160,262,262,200,36,2,2,-1,0,0,init,0,0.0019,0,0.0019
B3_LAYERS_BOUNDARY_FIXED/FARM/10x10x5,B,B3_LAYERS_BOUNDARY_FIXED,3,farm,10x10x5,10,5,10,500,ThisWork,heap,measured,1,1,816534088,1889124737,262,262,200,36,2,2,-1,0,0,init,0,0.0024,0,0.0024
B3_LAYERS_BOUNDARY_FIXED/FARM/10x10x5,B,B3_LAYERS_BOUNDARY_FIXED,3,farm,10x10x5,10,5,10,500,ThisWork,heap,measured,1,2,816534088,712429743,262,262,200,36,2,2,-1,0,0,init,0,0.0031,0,0.0031
B3_LAYERS_BOUNDARY_FIXED/FARM/10x10x5,B,B3_LAYERS_BOUNDARY_FIXED,3,farm,10x10x5,10,5,10,500,ThisWork,heap,measured,1,3,816534088,1333682931,262,262,200,36,2,2,-1,0,0,init,0,0.0033,0,0.0033
B3_LAYERS_BOUNDARY_FIXED/FARM/10x10x5,B,B3_LAYERS_BOUNDARY_FIXED,3,farm,10x10x5,10,5,10,500,ThisWork,heap,measured,1,4,816534088,705475632,262,262,200,36,2,2,-1,0,0,init,0,0.0017,0,0.0017
B3_LAYERS_BOUNDARY_FIXED/FARM/10x10x5,B,B3_LAYERS_BOUNDARY_FIXED,3,farm,10x10x5,10,5,10,500,ThisWork,heap,measured,1,5,816534088,986258472,262,262,200,36,2,2,-1,0,0,init,0,0.3022,0,0.3022
B3_LAYERS_BOUNDARY_FIXED/FARM/10x10x5,B,B3_LAYERS_BOUNDARY_FIXED,3,farm,10x10x5,10,5,10,500,ThisWork,heap,measured,1,6,816534088,1740429036,262,262,200,36,2,2,118,1,1,none,55,2.7772,0.2451,3.0223
B3_LAYERS_BOUNDARY_FIXED/FARM/10x10x5,B,B3_LAYERS_BOUNDARY_FIXED,3,farm,10x10x5,10,5,10,500,ThisWork,heap,measured,2,0,903964553,393838658,262,262,200,36,2,2,-1,0,0,init,0,0.0165,0,0.0165
B3_LAYERS_BOUNDARY_FIXED/FARM/10x10x5,B,B3_LAYERS_BOUNDARY_FIXED,3,farm,10x10x5,10,5,10,500,ThisWork,heap,measured,2,1,903964553,1603041588,262,262,200,36,2,2,-1,0,0,init,0,0.0033,0,0.0033
B3_LAYERS_BOUNDARY_FIXED/FARM/10x10x5,B,B3_LAYERS_BOUNDARY_FIXED,3,farm,10x10x5,10,5,10,500,ThisWork,heap,measured,2,2,903964553,1226593989,262,262,200,36,2,2,-1,0,0,init,0,0.2049,0,0.2049
B3_LAYERS_BOUNDARY_FIXED/FARM/10x10x5,B,B3_LAYERS_BOUNDARY_FIXED,3,farm,10x10x5,10,5,10,500,ThisWork,heap,measured,2,3,903964553,2142018288,262,262,200,36,2,2,-1,0,0,init,0,0.2153,0,0.2153
B3_LAYERS_BOUNDARY_FIXED/FARM/10x10x5,B,B3_LAYERS_BOUNDARY_FIXED,3,farm,10x10x5,10,5,10,500,ThisWork,heap,measured,2,4,903964553,637999955,262,262,200,36,2,2,-1,0,0,init,0,0.0063,0,0.0063
B3_LAYERS_BOUNDARY_FIXED/FARM/10x10x5,B,B3_LAYERS_BOUNDARY_FIXED,3,farm,10x10x5,10,5,10,500,ThisWork,heap,measured,2,5,903964553,1269058414,262,262,200,36,2,2,-1,0,0,init,0,0.0018,0,0.0018
B3_LAYERS_BOUNDARY_FIXED/FARM/10x10x5,B,B3_LAYERS_BOUNDARY_FIXED,3,farm,10x10x5,10,5,10,500,ThisWork,heap,measured,2,6,903964553,188342335,262,262,200,36,2,2,-1,0,0,init,0,0.0016,0,0.0016
B3_LAYERS_BOUNDARY_FIXED/FARM/10x10x5,B,B3_LAYERS_BOUNDARY_FIXED,3,farm,10x10x5,10,5,10,500,ThisWork,heap,measured,2,7,903964553,991022672,262,262,200,36,2,2,-1,0,0,init,0,0.0034,0,0.0034
B3_LAYERS_BOUNDARY_FIXED/FARM/10x10x5,B,B3_LAYERS_BOUNDARY_FIXED,3,farm,10x10x5,10,5,10,500,ThisWork,heap,measured,2,8,903964553,1012257172,262,262,200,36,2,2,-1,0,0,init,0,0.3152,0,0.3152
B3_LAYERS_BOUNDARY_FIXED/FARM/10x10x5,B,B3_LAYERS_BOUNDARY_FIXED,3,farm,10x10x5,10,5,10,500,ThisWork,heap,measured,2,9,903964553,1141544795,262,262,200,36,2,2,-1,0,0,init,0,0.0021,0,0.0021
B3_LAYERS_BOUNDARY_FIXED/FARM/10x10x5,B,B3_LAYERS_BOUNDARY_FIXED,3,farm,10x10x5,10,5,10,500,ThisWork,heap,measured,2,10,903964553,460065217,262,262,200,36,2,2,-1,0,0,init,0,0.0033,0,0.0033
B3_LAYERS_BOUNDARY_FIXED/FARM/10x10x5,B,B3_LAYERS_BOUNDARY_FIXED,3,farm,10x10x5,10,5,10,500,ThisWork,heap,measured,2,11,903964553,1085283002,262,262,200,36,2,2,-1,0,0,init,0,0.0018,0,0.0018
B3_LAYERS_BOUNDARY_FIXED/FARM/10x10x5,B,B3_LAYERS_BOUNDARY_FIXED,3,farm,10x10x5,10,5,10,500,ThisWork,heap,measured,2,12,903964553,166452026,262,262,200,36,2,2,-1,0,0,init,0,0.002,0,0.002
B3_LAYERS_BOUNDARY_FIXED/FARM/10x10x5,B,B3_LAYERS_BOUNDARY_FIXED,3,farm,10x10x5,10,5,10,500,ThisWork,heap,measured,2,13,903964553,1734746583,262,262,200,36,2,2,-1,0,0,init,0,0.0017,0,0.0017
B3_LAYERS_BOUNDARY_FIXED/FARM/10x10x5,B,B3_LAYERS_BOUNDARY_FIXED,3,farm,10x10x5,10,5,10,500,ThisWork,heap,measured,2,14,903964553,1620480782,262,262,200,36,2,2,118,1,1,none,59,2.7481,0.2883,3.0364
B3_LAYERS_BOUNDARY_FIXED/FARM/10x10x5,B,B3_LAYERS_BOUNDARY_FIXED,3,farm,10x10x5,10,5,10,500,DeBroglie,matched,measured,2,0,903964553,393838658,262,262,200,36,2,2,-1,0,0,init,0,0.002,0,0.002
B3_LAYERS_BOUNDARY_FIXED/FARM/10x10x5,B,B3_LAYERS_BOUNDARY_FIXED,3,farm,10x10x5,10,5,10,500,DeBroglie,matched,measured,2,1,903964553,1603041588,262,262,200,36,2,2,-1,0,0,init,0,0.0038,0,0.0038
B3_LAYERS_BOUNDARY_FIXED/FARM/10x10x5,B,B3_LAYERS_BOUNDARY_FIXED,3,farm,10x10x5,10,5,10,500,DeBroglie,matched,measured,2,2,903964553,1226593989,262,262,200,36,2,2,-1,0,0,init,0,6.0058,0,6.0058
B3_LAYERS_BOUNDARY_FIXED/FARM/10x10x5,B,B3_LAYERS_BOUNDARY_FIXED,3,farm,10x10x5,10,5,10,500,DeBroglie,matched,measured,2,3,903964553,2142018288,262,262,200,36,2,2,-1,0,0,init,0,6.6514,0,6.6514
B3_LAYERS_BOUNDARY_FIXED/FARM/10x10x5,B,B3_LAYERS_BOUNDARY_FIXED,3,farm,10x10x5,10,5,10,500,DeBroglie,matched,measured,2,4,903964553,637999955,262,262,200,36,2,2,-1,0,0,init,0,0.0023,0,0.0023
B3_LAYERS_BOUNDARY_FIXED/FARM/10x10x5,B,B3_LAYERS_BOUNDARY_FIXED,3,farm,10x10x5,10,5,10,500,DeBroglie,matched,measured,2,5,903964553,1269058414,262,262,200,36,2,2,-1,0,0,init,0,0.0018,0,0.0018
B3_LAYERS_BOUNDARY_FIXED/FARM/10x10x5,B,B3_LAYERS_BOUNDARY_FIXED,3,farm,10x10x5,10,5,10,500,DeBroglie,matched,measured,2,6,903964553,188342335,262,262,200,36,2,2,-1,0,0,init,0,0.0028,0,0.0028
B3_LAYERS_BOUNDARY_FIXED/FARM/10x10x5,B,B3_LAYERS_BOUNDARY_FIXED,3,farm,10x10x5,10,5,10,500,DeBroglie,matched,measured,2,7,903964553,991022672,262,262,200,36,2,2,-1,0,0,init,0,0.0017,0,0.0017
B3_LAYERS_BOUNDARY_FIXED/FARM/10x10x5,B,B3_LAYERS_BOUNDARY_FIXED,3,farm,10x10x5,10,5,10,500,DeBroglie,matched,measured,2,8,903964553,1012257172,262,262,200,36,2,2,-1,0,0,init,0,6.2057,0,6.2057
B3_LAYERS_BOUNDARY_FIXED/FARM/10x10x5,B,B3_LAYERS_BOUNDARY_FIXED,3,farm,10x10x5,10,5,10,500,DeBroglie,matched,measured,2,9,903964553,1141544795,262,262,200,36,2,2,-1,0,0,init,0,0.0016,0,0.0016
B3_LAYERS_BOUNDARY_FIXED/FARM/10x10x5,B,B3_LAYERS_BOUNDARY_FIXED,3,farm,10x10x5,10,5,10,500,DeBroglie,matched,measured,2,10,903964553,460065217,262,262,200,36,2,2,-1,0,0,init,0,0.0018,0,0.0018
B3_LAYERS_BOUNDARY_FIXED/FARM/10x10x5,B,B3_LAYERS_BOUNDARY_FIXED,3,farm,10x10x5,10,5,10,500,DeBroglie,matched,measured,2,11,903964553,1085283002,262,262,200,36,2,2,-1,0,0,init,0,0.0018,0,0.0018
B3_LAYERS_BOUNDARY_FIXED/FARM/10x10x5,B,B3_LAYERS_BOUNDARY_FIXED,3,farm,10x10x5,10,5,10,500,DeBroglie,matched,measured,2,12,903964553,166452026,262,262,200,36,2,2,-1,0,0,init,0,0.0022,0,0.0022
B3_LAYERS_BOUNDARY_FIXED/FARM/10x10x5,B,B3_LAYERS_BOUNDARY_FIXED,3,farm,10x10x5,10,5,10,500,DeBroglie,matched,measured,2,13,903964553,1734746583,262,262,200,36,2,2,-1,0,0,init,0,0.0035,0,0.0035
B3_LAYERS_BOUNDARY_FIXED/FARM/10x10x5,B,B3_LAYERS_BOUNDARY_FIXED,3,farm,10x10x5,10,5,10,500,DeBroglie,matched,measured,2,14,903964553,1620480782,262,262,200,36,2,2,118,1,1,none,60,6.9582,0.5634,7.5216
B4_LAYERS_BOUNDARY_FIXED_NEGATIVE/FARM/10x10x5,B,B4_LAYERS_BOUNDARY_FIXED_NEGATIVE,4,farm,10x10x5,10,5,10,500,ThisWork,heap,warmup,0,0,1931051739,1651552639,262,262,200,36,2,2,-1,0,0,init,0,0.0019,0,0.0019
B4_LAYERS_BOUNDARY_FIXED_NEGATIVE/FARM/10x10x5,B,B4_LAYERS_BOUNDARY_FIXED_NEGATIVE,4,farm,10x10x5,10,5,10,500,ThisWork,heap,warmup,0,1,1931051739,1862827014,262,262,200,36,2,2,-1,0,0,init,0,0.0023,0,0.0023
B4_LAYERS_BOUNDARY_FIXED_NEGATIVE/FARM/10x10x5,B,B4_LAYERS_BOUNDARY_FIXED_NEGATIVE,4,farm,10x10x5,10,5,10,500,ThisWork,heap,warmup,0,2,1931051739,145897886,262,262,200,36,2,2,-1,0,0,init,0,0.0018,0,0.0018
B4_LAYERS_BOUNDARY_FIXED_NEGATIVE/FARM/10x10x5,B,B4_LAYERS_BOUNDARY_FIXED_NEGATIVE,4,farm,10x10x5,10,5,10,500,ThisWork,heap,warmup,0,3,1931051739,714847669,262,262,200,36,2,2,-1,0,0,init,0,0.2096,0,0.2096
B4_LAYERS_BOUNDARY_FIXED_NEGATIVE/FARM/10x10x5,B,B4_LAYERS_BOUNDARY_FIXED_NEGATIVE,4,farm,10x10x5,10,5,10,500,ThisWork,heap,warmup,0,4,1931051739,2113819747,262,262,200,36,2,2,-1,0,0,init,0,0.0045,0,0.0045
B4_LAYERS_BOUNDARY_FIXED_NEGATIVE/FARM/10x10x5,B,B4_LAYERS_BOUNDARY_FIXED_NEGATIVE,4,farm,10x10x5,10,5,10,500,ThisWork,heap,warmup,0,5,1931051739,1331284929,262,262,200,36,2,2,-1,0,0,init,0,0.0016,0,0.0016
B4_LAYERS_BOUNDARY_FIXED_NEGATIVE/FARM/10x10x5,B,B4_LAYERS_BOUNDARY_FIXED_NEGATIVE,4,farm,10x10x5,10,5,10,500,ThisWork,heap,warmup,0,6,1931051739,587970919,262,262,200,36,2,2,-1,0,0,init,0,0.0024,0,0.0024
B4_LAYERS_BOUNDARY_FIXED_NEGATIVE/FARM/10x10x5,B,B4_LAYERS_BOUNDARY_FIXED_NEGATIVE,4,farm,10x10x5,10,5,10,500,ThisWork,heap,warmup,0,7,1931051739,1037138747,262,262,200,36,2,2,-1,0,0,init,0,0.0023,0,0.0023
B4_LAYERS_BOUNDARY_FIXED_NEGATIVE/FARM/10x10x5,B,B4_LAYERS_BOUNDARY_FIXED_NEGATIVE,4,farm,10x10x5,10,5,10,500,ThisWork,heap,warmup,0,8,1931051739,657255361,262,262,200,36,2,2,-1,0,0,init,0,0.0514,0,0.0514
B4_LAYERS_BOUNDARY_FIXED_NEGATIVE/FARM/10x10x5,B,B4_LAYERS_BOUNDARY_FIXED_NEGATIVE,4,farm,10x10x5,10,5,10,500,ThisWork,heap,warmup,0,9,1931051739,1366485599,262,262,200,36,2,2,-1,0,0,init,0,0.002,0,0.002
B4_LAYERS_BOUNDARY_FIXED_NEGATIVE/FARM/10x10x5,B,B4_LAYERS_BOUNDARY_FIXED_NEGATIVE,4,farm,10x10x5,10,5,10,500,ThisWork,heap,warmup,0,10,1931051739,1036057297,262,262,200,36,2,2,-1,0,0,init,0,0.0019,0,0.0019
B4_LAYERS_BOUNDARY_FIXED_NEGATIVE/FARM/10x10x5,B,B4_LAYERS_BOUNDARY_FIXED_NEGATIVE,4,farm,10x10x5,10,5,10,500,ThisWork,heap,warmup,0,11,1931051739,1186112155,262,262,200,36,2,2,-1,0,0,init,0,0.0021,0,0.0021
B4_LAYERS_BOUNDARY_FIXED_NEGATIVE/FARM/10x10x5,B,B4_LAYERS_BOUNDARY_FIXED_NEGATIVE,4,farm,10x10x5,10,5,10,500,ThisWork,heap,warmup,0,12,1931051739,1006956871,262,262,200,36,2,2,111,1,1,none,50,2.9,0.1864,3.0864
B4_LAYERS_BOUNDARY_FIXED_NEGATIVE/FARM/10x10x5,B,B4_LAYERS_BOUNDARY_FIXED_NEGATIVE,4,farm,10x10x5,10,5,10,500,DeBroglie,matched,warmup,0,0,1931051739,1651552639,262,262,200,36,2,2,-1,0,0,init,0,0.0032,0,0.0032
B4_LAYERS_BOUNDARY_FIXED_NEGATIVE/FARM/10x10x5,B,B4_LAYERS_BOUNDARY_FIXED_NEGATIVE,4,farm,10x10x5,10,5,10,500,DeBroglie,matched,warmup,0,1,1931051739,1862827014,262,262,200,36,2,2,-1,0,0,init,0,0.0021,0,0.0021
B4_LAYERS_BOUNDARY_FIXED_NEGATIVE/FARM/10x10x5,B,B4_LAYERS_BOUNDARY_FIXED_NEGATIVE,4,farm,10x10x5,10,5,10,500,DeBroglie,matched,warmup,0,2,1931051739,145897886,262,262,200,36,2,2,-1,0,0,init,0,0.0026,0,0.0026
B4_LAYERS_BOUNDARY_FIXED_NEGATIVE/FARM/10x10x5,B,B4_LAYERS_BOUNDARY_FIXED_NEGATIVE,4,farm,10x10x5,10,5,10,500,DeBroglie,matched,warmup,0,3,1931051739,714847669,262,262,200,36,2,2,-1,0,0,init,0,6.9806,0,6.9806
B4_LAYERS_BOUNDARY_FIXED_NEGATIVE/FARM/10x10x5,B,B4_LAYERS_BOUNDARY_FIXED_NEGATIVE,4,farm,10x10x5,10,5,10,500,DeBroglie,matched,warmup,0,4,1931051739,2113819747,262,262,200,36,2,2,-1,0,0,init,0,0.0021,0,0.0021
B4_LAYERS_BOUNDARY_FIXED_NEGATIVE/FARM/10x10x5,B,B4_LAYERS_BOUNDARY_FIXED_NEGATIVE,4,farm,10x10x5,10,5,10,500,DeBroglie,matched,warmup,0,5,1931051739,1331284929,262,262,200,36,2,2,-1,0,0,init,0,0.0036,0,0.0036
B4_LAYERS_BOUNDARY_FIXED_NEGATIVE/FARM/10x10x5,B,B4_LAYERS_BOUNDARY_FIXED_NEGATIVE,4,farm,10x10x5,10,5,10,500,DeBroglie,matched,warmup,0,6,1931051739,587970919,262,262,200,36,2,2,-1,0,0,init,0,0.0021,0,0.0021
B4_LAYERS_BOUNDARY_FIXED_NEGATIVE/FARM/10x10x5,B,B4_LAYERS_BOUNDARY_FIXED_NEGATIVE,4,farm,10x10x5,10,5,10,500,DeBroglie,matched,warmup,0,7,1931051739,1037138747,262,262,200,36,2,2,-1,0,0,init,0,0.002,0,0.002
B4_LAYERS_BOUNDARY_FIXED_NEGATIVE/FARM/10x10x5,B,B4_LAYERS_BOUNDARY_FIXED_NEGATIVE,4,farm,10x10x5,10,5,10,500,DeBroglie,matched,warmup,0,8,1931051739,657255361,262,262,200,36,2,2,-1,0,0,init,0,3.2954,0,3.2954
B4_LAYERS_BOUNDARY_FIXED_NEGATIVE/FARM/10x10x5,B,B4_LAYERS_BOUNDARY_FIXED_NEGATIVE,4,farm,10x10x5,10,5,10,500,DeBroglie,matched,warmup,0,9,1931051739,1366485599,262,262,200,36,2,2,-1,0,0,init,0,0.0026,0,0.0026
B4_LAYERS_BOUNDARY_FIXED_NEGATIVE/FARM/10x10x5,B,B4_LAYERS_BOUNDARY_FIXED_NEGATIVE,4,farm,10x10x5,10,5,10,500,DeBroglie,matched,warmup,0,10,1931051739,1036057297,262,262,200,36,2,2,-1,0,0,init,0,0.002,0,0.002
B4_LAYERS_BOUNDARY_FIXED_NEGATIVE/FARM/10x10x5,B,B4_LAYERS_BOUNDARY_FIXED_NEGATIVE,4,farm,10x10x5,10,5,10,500,DeBroglie,matched,warmup,0,11,1931051739,1186112155,262,262,200,36,2,2,-1,0,0,init,0,0.0025,0,0.0025
B4_LAYERS_BOUNDARY_FIXED_NEGATIVE/FARM/10x10x5,B,B4_LAYERS_BOUNDARY_FIXED_NEGATIVE,4,farm,10x10x5,10,5,10,500,DeBroglie,matched,warmup,0,12,1931051739,1006956871,262,262,200,36,2,2,111,1,1,none,54,6.7984,0.3714,7.1698
B4_LAYERS_BOUNDARY_FIXED_NEGATIVE/FARM/10x10x5,B,B4_LAYERS_BOUNDARY_FIXED_NEGATIVE,4,farm,10x10x5,10,5,10,500,ThisWork,heap,measured,0,0,349573240,2046802624,262,262,200,36,2,2,-1,0,0,init,0,0.1577,0,0.1577
B4_LAYERS_BOUNDARY_FIXED_NEGATIVE/FARM/10x10x5,B,B4_LAYERS_BOUNDARY_FIXED_NEGATIVE,4,farm,10x10x5,10,5,10,500,ThisWork,heap,measured,0,1,349573240,224738516,262,262,200,36,2,2,119,1,1,none,46,2.7595,0.1979,2.9574
B4_LAYERS_BOUNDARY_FIXED_NEGATIVE/FARM/10x10x5,B,B4_LAYERS_BOUNDARY_FIXED_NEGATIVE,4,farm,10x10x5,10,5,10,500,DeBroglie,matched,measured,0,0,349573240,2046802624,262,262,200,36,2,2,-1,0,0,init,0,5.8607,0,5.8607
B4_LAYERS_BOUNDARY_FIXED_NEGATIVE/FARM/10x10x5,B,B4_LAYERS_BOUNDARY_FIXED_NEGATIVE,4,farm,10x10x5,10,5,10,500,DeBroglie,matched,measured,0,1,349573240,224738516,262,262,200,36,2,2,119,1,1,none,58,6.9888,0.4564,7.4452
B4_LAYERS_BOUNDARY_FIXED_NEGATIVE/FARM/10x10x5,B,B4_LAYERS_BOUNDARY_FIXED_NEGATIVE,4,farm,10x10x5,10,5,10,500,DeBroglie,matched,measured,1,0,816534088,1676452160,262,262,200,36,2,2,-1,0,0,init,0,0.0023,0,0.0023
B4_LAYERS_BOUNDARY_FIXED_NEGATIVE/FARM/10x10x5,B,B4_LAYERS_BOUNDARY_FIXED_NEGATIVE,4,farm,10x10x5,10,5,10,500,DeBroglie,matched,measured,1,1,816534088,1889124737,262,262,200,36,2,2,-1,0,0,init,0,0.0017,0,0.0017
B4_LAYERS_BOUNDARY_FIXED_NEGATIVE/FARM/10x10x5,B,B4_LAYERS_BOUNDARY_FIXED_NEGATIVE,4,farm,10x10x5,10,5,10,500,DeBroglie,matched,measured,1,2,816534088,712429743,262,262,200,36,2,2,-1,0,0,init,0,0.0025,0,0.0025
B4_LAYERS_BOUNDARY_FIXED_NEGATIVE/FARM/10x10x5,B,B4_LAYERS_BOUNDARY_FIXED_NEGATIVE,4,farm,10x10x5,10,5,10,500,DeBroglie,matched,measured,1,3,816534088,1333682931,262,262,200,36,2,2,-1,0,0,init,0,0.0019,0,0.0019
B4_LAYERS_BOUNDARY_FIXED_NEGATIVE/FARM/10x10x5,B,B4_LAYERS_BOUNDARY_FIXED_NEGATIVE,4,farm,10x10x5,10,5,10,500,DeBroglie,matched,measured,1,4,816534088,705475632,262,262,200,36,2,2,-1,0,0,init,0,0.0058,0,0.0058
B4_LAYERS_BOUNDARY_FIXED_NEGATIVE/FARM/10x10x5,B,B4_LAYERS_BOUNDARY_FIXED_NEGATIVE,4,farm,10x10x5,10,5,10,500,DeBroglie,matched,measured,1,5,816534088,986258472,262,262,200,36,2,2,-1,0,0,init,0,6.8658,0,6.8658
B4_LAYERS_BOUNDARY_FIXED_NEGATIVE/FARM/10x10x5,B,B4_LAYERS_BOUNDARY_FIXED_NEGATIVE,4,farm,10x10x5,10,5,10,500,DeBroglie,matched,measured,1,6,816534088,1740429036,262,262,200,36,2,2,118,1,1,none,71,6.9302,0.6393,7.5695
B4_LAYERS_BOUNDARY_FIXED_NEGATIVE/FARM/10x10x5,B,B4_LAYERS_BOUNDARY_FIXED_NEGATIVE,4,farm,10x10x5,10,5,10,500,ThisWork,heap,measured,1,0,816534088,1676452160,262,262,200,36,2,2,-1,0,0,init,0,0.0032,0,0.0032
B4_LAYERS_BOUNDARY_FIXED_NEGATIVE/FARM/10x10x5,B,B4_LAYERS_BOUNDARY_FIXED_NEGATIVE,4,farm,10x10x5,10,5,10,500,ThisWork,heap,measured,1,1,816534088,1889124737,262,262,200,36,2,2,-1,0,0,init,0,0.0026,0,0.0026
B4_LAYERS_BOUNDARY_FIXED_NEGATIVE/FARM/10x10x5,B,B4_LAYERS_BOUNDARY_FIXED_NEGATIVE,4,farm,10x10x5,10,5,10,500,ThisWork,heap,measured,1,2,816534088,712429743,262,262,200,36,2,2,-1,0,0,init,0,0.002,0,0.002
B4_LAYERS_BOUNDARY_FIXED_NEGATIVE/FARM/10x10x5,B,B4_LAYERS_BOUNDARY_FIXED_NEGATIVE,4,farm,10x10x5,10,5,10,500,ThisWork,heap,measured,1,3,816534088,1333682931,262,262,200,36,2,2,-1,0,0,init,0,0.0018,0,0.0018
B4_LAYERS_BOUNDARY_FIXED_NEGATIVE/FARM/10x10x5,B,B4_LAYERS_BOUNDARY_FIXED_NEGATIVE,4,farm,10x10x5,10,5,10,500,ThisWork,heap,measured,1,4,816534088,705475632,262,262,200,36,2,2,-1,0,0,init,0,0.0017,0,0.0017
B4_LAYERS_BOUNDARY_FIXED_NEGATIVE/FARM/10x10x5,B,B4_LAYERS_BOUNDARY_FIXED_NEGATIVE,4,farm,10x10x5,10,5,10,500,ThisWork,heap,measured,1,5,816534088,986258472,262,262,200,36,2,2,-1,0,0,init,0,0.2235,0,0.2235
B4_LAYERS_BOUNDARY_FIXED_NEGATIVE/FARM/10x10x5,B,B4_LAYERS_BOUNDARY_FIXED_NEGATIVE,4,farm,10x10x5,10,5,10,500,ThisWork,heap,measured,1,6,816534088,1740429036,262,262,200,36,2,2,118,1,1,none,55,2.6911,0.228,2.9191
B4_LAYERS_BOUNDARY_FIXED_NEGATIVE/FARM/10x10x5,B,B4_LAYERS_BOUNDARY_FIXED_NEGATIVE,4,farm,10x10x5,10,5,10,500,ThisWork,heap,measured,2,0,903964553,393838658,262,262,200,36,2,2,-1,0,0,init,0,0.002,0,0.002
B4_LAYERS_BOUNDARY_FIXED_NEGATIVE/FARM/10x10x5,B,B4_LAYERS_BOUNDARY_FIXED_NEGATIVE,4,farm,10x10x5,10,5,10,500,ThisWork,heap,measured,2,1,903964553,1603041588,262,262,200,36,2,2,-1,0,0,init,0,0.0021,0,0.0021
B4_LAYERS_BOUNDARY_FIXED_NEGATIVE/FARM/10x10x5,B,B4_LAYERS_BOUNDARY_FIXED_NEGATIVE,4,farm,10x10x5,10,5,10,500,ThisWork,heap,measured,2,2,903964553,1226593989,262,262,200,36,2,2,-1,0,0,init,0,0.2211,0,0.2211
B4_LAYERS_BOUNDARY_FIXED_NEGATIVE/FARM/10x10x5,B,B4_LAYERS_BOUNDARY_FIXED_NEGATIVE,4,farm,10x10x5,10,5,10,500,ThisWork,heap,measured,2,3,903964553,2142018288,262,262,200,36,2,2,-1,0,0,init,0,0.2285,0,0.2285
B4_LAYERS_BOUNDARY_FIXED_NEGATIVE/FARM/10x10x5,B,B4_LAYERS_BOUNDARY_FIXED_NEGATIVE,4,farm,10x10x5,10,5,10,500,ThisWork,heap,measured,2,4,903964553,637999955,262,262,200,36,2,2,-1,0,0,init,0,0.0019,0,0.0019
B4_LAYERS_BOUNDARY_FIXED_NEGATIVE/FARM/10x10x5,B,B4_LAYERS_BOUNDARY_FIXED_NEGATIVE,4,farm,10x10x5,10,5,10,500,ThisWork,heap,measured,2,5,903964553,1269058414,262,262,200,36,2,2,-1,0,0,init,0,0.0019,0,0.0019
B4_LAYERS_BOUNDARY_FIXED_NEGATIVE/FARM/10x10x5,B,B4_LAYERS_BOUNDARY_FIXED_NEGATIVE,4,farm,10x10x5,10,5,10,500,ThisWork,heap,measured,2,6,903964553,188342335,262,262,200,36,2,2,-1,0,0,init,0,0.0018,0,0.0018
B4_LAYERS_BOUNDARY_FIXED_NEGATIVE/FARM/10x10x5,B,B4_LAYERS_BOUNDARY_FIXED_NEGATIVE,4,farm,10x10x5,10,5,10,500,ThisWork,heap,measured,2,7,903964553,991022672,262,262,200,36,2,2,-1,0,0,init,0,0.0024,0,0.0024
B4_LAYERS_BOUNDARY_FIXED_NEGATIVE/FARM/10x10x5,B,B4_LAYERS_BOUNDARY_FIXED_NEGATIVE,4,farm,10x10x5,10,5,10,500,ThisWork,heap,measured,2,8,903964553,1012257172,262,262,200,36,2,2,-1,0,0,init,0,0.201,0,0.201
B4_LAYERS_BOUNDARY_FIXED_NEGATIVE/FARM/10x10x5,B,B4_LAYERS_BOUNDARY_FIXED_NEGATIVE,4,farm,10x10x5,10,5,10,500,ThisWork,heap,measured,2,9,903964553,1141544795,262,262,200,36,2,2,-1,0,0,init,0,0.0019,0,0.0019
B4_LAYERS_BOUNDARY_FIXED_NEGATIVE/FARM/10x10x5,B,B4_LAYERS_BOUNDARY_FIXED_NEGATIVE,4,farm,10x10x5,10,5,10,500,ThisWork,heap,measured,2,10,903964553,460065217,262,262,200,36,2,2,-1,0,0,init,0,0.0021,0,0.0021
B4_LAYERS_BOUNDARY_FIXED_NEGATIVE/FARM/10x10x5,B,B4_LAYERS_BOUNDARY_FIXED_NEGATIVE,4,farm,10x10x5,10,5,10,500,ThisWork,heap,measured,2,11,903964553,1085283002,262,262,200,36,2,2,-1,0,0,init,0,0.0034,0,0.0034
B4_LAYERS_BOUNDARY_FIXED_NEGATIVE/FARM/10x10x5,B,B4_LAYERS_BOUNDARY_FIXED_NEGATIVE,4,farm,10x10x5,10,5,10,500,ThisWork,heap,measured,2,12,903964553,166452026,262,262,200,36,2,2,-1,0,0,init,0,0.0035,0,0.0035
B4_LAYERS_BOUNDARY_FIXED_NEGATIVE/FARM/10x10x5,B,B4_LAYERS_BOUNDARY_FIXED_NEGATIVE,4,farm,10x10x5,10,5,10,500,ThisWork,heap,measured,2,13,903964553,1734746583,262,262,200,36,2,2,-1,0,0,init,0,0.0019,0,0.0019
B4_LAYERS_BOUNDARY_FIXED_NEGATIVE/FARM/10x10x5,B,B4_LAYERS_BOUNDARY_FIXED_NEGATIVE,4,farm,10x10x5,10,5,10,500,ThisWork,heap,measured,2,14,903964553,1620480782,262,262,200,36,2,2,118,1,1,none,52,2.6988,0.2656,2.9644
B4_LAYERS_BOUNDARY_FIXED_NEGATIVE/FARM/10x10x5,B,B4_LAYERS_BOUNDARY_FIXED_NEGATIVE,4,farm,10x10x5,10,5,10,500,DeBroglie,matched,measured,2,0,903964553,393838658,262,262,200,36,2,2,-1,0,0,init,0,0.0017,0,0.0017
B4_LAYERS_BOUNDARY_FIXED_NEGATIVE/FARM/10x10x5,B,B4_LAYERS_BOUNDARY_FIXED_NEGATIVE,4,farm,10x10x5,10,5,10,500,DeBroglie,matched,measured,2,1,903964553,1603041588,262,262,200,36,2,2,-1,0,0,init,0,0.0019,0,0.0019
B4_LAYERS_BOUNDARY_FIXED_NEGATIVE/FARM/10x10x5,B,B4_LAYERS_BOUNDARY_FIXED_NEGATIVE,4,farm,10x10x5,10,5,10,500,DeBroglie,matched,measured,2,2,903964553,1226593989,262,262,200,36,2,2,-1,0,0,init,0,6.2131,0,6.2131
B4_LAYERS_BOUNDARY_FIXED_NEGATIVE/FARM/10x10x5,B,B4_LAYERS_BOUNDARY_FIXED_NEGATIVE,4,farm,10x10x5,10,5,10,500,DeBroglie,matched,measured,2,3,903964553,2142018288,262,262,200,36,2,2,-1,0,0,init,0,6.5753,0,6.5753
B4_LAYERS_BOUNDARY_FIXED_NEGATIVE/FARM/10x10x5,B,B4_LAYERS_BOUNDARY_FIXED_NEGATIVE,4,farm,10x10x5,10,5,10,500,DeBroglie,matched,measured,2,4,903964553,637999955,262,262,200,36,2,2,-1,0,0,init,0,0.0022,0,0.0022
B4_LAYERS_BOUNDARY_FIXED_NEGATIVE/FARM/10x10x5,B,B4_LAYERS_BOUNDARY_FIXED_NEGATIVE,4,farm,10x10x5,10,5,10,500,DeBroglie,matched,measured,2,5,903964553,1269058414,262,262,200,36,2,2,-1,0,0,init,0,0.0022,0,0.0022
B4_LAYERS_BOUNDARY_FIXED_NEGATIVE/FARM/10x10x5,B,B4_LAYERS_BOUNDARY_FIXED_NEGATIVE,4,farm,10x10x5,10,5,10,500,DeBroglie,matched,measured,2,6,903964553,188342335,262,262,200,36,2,2,-1,0,0,init,0,0.0039,0,0.0039
B4_LAYERS_BOUNDARY_FIXED_NEGATIVE/FARM/10x10x5,B,B4_LAYERS_BOUNDARY_FIXED_NEGATIVE,4,farm,10x10x5,10,5,10,500,DeBroglie,matched,measured,2,7,903964553,991022672,262,262,200,36,2,2,-1,0,0,init,0,0.0032,0,0.0032
B4_LAYERS_BOUNDARY_FIXED_NEGATIVE/FARM/10x10x5,B,B4_LAYERS_BOUNDARY_FIXED_NEGATIVE,4,farm,10x10x5,10,5,10,500,DeBroglie,matched,measured,2,8,903964553,1012257172,262,262,200,36,2,2,-1,0,0,init,0,6.0553,0,6.0553
B4_LAYERS_BOUNDARY_FIXED_NEGATIVE/FARM/10x10x5,B,B4_LAYERS_BOUNDARY_FIXED_NEGATIVE,4,farm,10x10x5,10,5,10,500,DeBroglie,matched,measured,2,9,903964553,1141544795,262,262,200,36,2,2,-1,0,0,init,0,0.0019,0,0.0019
B4_LAYERS_BOUNDARY_FIXED_NEGATIVE/FARM/10x10x5,B,B4_LAYERS_BOUNDARY_FIXED_NEGATIVE,4,farm,10x10x5,10,5,10,500,DeBroglie,matched,measured,2,10,903964553,460065217,262,262,200,36,2,2,-1,0,0,init,0,0.004,0,0.004
B4_LAYERS_BOUNDARY_FIXED_NEGATIVE/FARM/10x10x5,B,B4_LAYERS_BOUNDARY_FIXED_NEGATIVE,4,farm,10x10x5,10,5,10,500,DeBroglie,matched,measured,2,11,903964553,1085283002,262,262,200,36,2,2,-1,0,0,init,0,0.0023,0,0.0023
B4_LAYERS_BOUNDARY_FIXED_NEGATIVE/FARM/10x10x5,B,B4_LAYERS_BOUNDARY_FIXED_NEGATIVE,4,farm,10x10x5,10,5,10,500,DeBroglie,matched,measured,2,12,903964553,166452026,262,262,200,36,2,2,-1,0,0,init,0,0.0018,0,0.0018
B4_LAYERS_BOUNDARY_FIXED_NEGATIVE/FARM/10x10x5,B,B4_LAYERS_BOUNDARY_FIXED_NEGATIVE,4,farm,10x10x5,10,5,10,500,DeBroglie,matched,measured,2,13,903964553,1734746583,262,262,200,36,2,2,-1,0,0,init,0,0.0035,0,0.0035
B4_LAYERS_BOUNDARY_FIXED_NEGATIVE/FARM/10x10x5,B,B4_LAYERS_BOUNDARY_FIXED_NEGATIVE,4,farm,10x10x5,10,5,10,500,DeBroglie,matched,measured,2,14,903964553,1620480782,262,262,200,36,2,2,118,1,1,none,55,6.6491,0.5214,7.1705
