config_id,benchmark,level_id,level_order,tileset,size_label,dim_x,dim_y,dim_z,total_cells,solver,solver_variant,phase,run_index,order_position,solver_seed,attempts,contradictions,contradictions_init,contradictions_search,solved,first_attempt_success,effective_free_cells,solver_csp_cells,layer_cells,boundary_cells,fixed_tile_cells,undecided_after_init,decisions,t_solve_total_ms,t_init_total_ms,t_search_total_ms,t_success_attempt_ms,t_failed_attempts_ms,time_per_free_cell_us,success_attempt_per_free_cell_us,solution_valid,adjacency_violations,solution_hash
A_UNRESTRICTED/NATURE/10x10x5,A,A_UNRESTRICTED,0,nature,10x10x5,10,5,10,500,ThisWork,heap,warmup,0,0,400611051,1,0,0,0,1,1,500,500,0,0,0,500,134,8.0145,1.1533,6.8612,8.0145,0,16.029,16.029,1,0,0a272cea7b19c2a2
A_UNRESTRICTED/NATURE/10x10x5,A,A_UNRESTRICTED,0,nature,10x10x5,10,5,10,500,Gumin,simple-tiled-3d,warmup,0,1,400611051,1,0,0,0,1,1,500,500,0,0,0,500,116,8.0157,1.0377,6.978,8.0157,0,16.0314,16.0314,1,0,4cb296d4e37fe754
A_UNRESTRICTED/NATURE/10x10x5,A,A_UNRESTRICTED,0,nature,10x10x5,10,5,10,500,DeBroglie,matched,warmup,0,2,400611051,1,0,0,0,1,1,500,500,0,0,0,500,116,16.0899,1.0329,15.057,16.0899,0,32.1798,32.1798,1,0,6b683f8cce25ba0b
A_UNRESTRICTED/NATURE/10x10x5,A,A_UNRESTRICTED,0,nature,10x10x5,10,5,10,500,ThisWork,heap,measured,0,0,1950087503,1,0,0,0,1,1,500,500,0,0,0,500,110,8.0871,0.6999,7.3872,8.0871,0,16.1742,16.1742,1,0,86df3b9065acf59a
A_UNRESTRICTED/NATURE/10x10x5,A,A_UNRESTRICTED,0,nature,10x10x5,10,5,10,500,Gumin,simple-tiled-3d,measured,0,1,1950087503,1,0,0,0,1,1,500,500,0,0,0,500,119,6.8866,0.7715,6.1151,6.8866,0,13.7732,13.7732,1,0,57db605622404973
A_UNRESTRICTED/NATURE/10x10x5,A,A_UNRESTRICTED,0,nature,10x10x5,10,5,10,500,DeBroglie,matched,measured,0,2,1950087503,1,0,0,0,1,1,500,500,0,0,0,500,118,12.6976,0.7632,11.9344,12.6976,0,25.3952,25.3952,1,0,5c5692b891fb104a
A_UNRESTRICTED/NATURE/10x10x5,A,A_UNRESTRICTED,0,nature,10x10x5,10,5,10,500,Gumin,simple-tiled-3d,measured,1,0,900757723,1,0,0,0,1,1,500,500,0,0,0,500,117,7.0196,0.8357,6.1839,7.0196,0,14.0392,14.0392,1,0,ec118dc605254747
A_UNRESTRICTED/NATURE/10x10x5,A,A_UNRESTRICTED,0,nature,10x10x5,10,5,10,500,DeBroglie,matched,measured,1,1,900757723,1,0,0,0,1,1,500,500,0,0,0,500,132,12.6981,0.7421,11.956,12.6981,0,25.3962,25.3962,1,0,2130d2be784658eb
A_UNRESTRICTED/NATURE/10x10x5,A,A_UNRESTRICTED,0,nature,10x10x5,10,5,10,500,ThisWork,heap,measured,1,2,900757723,1,0,0,0,1,1,500,500,0,0,0,500,116,6.7558,0.6868,6.069,6.7558,0,13.5116,13.5116,1,0,204d9020d081aaba
A_UNRESTRICTED/NATURE/10x10x5,A,A_UNRESTRICTED,0,nature,10x10x5,10,5,10,500,DeBroglie,matched,measured,2,0,1324750688,1,0,0,0,1,1,500,500,0,0,0,500,160,12.6078,0.7744,11.8334,12.6078,0,25.2156,25.2156,1,0,181680ea48cc3371
A_UNRESTRICTED/NATURE/10x10x5,A,A_UNRESTRICTED,0,nature,10x10x5,10,5,10,500,ThisWork,heap,measured,2,1,1324750688,1,0,0,0,1,1,500,500,0,0,0,500,124,6.8923,0.7147,6.1776,6.8923,0,13.7846,13.7846,1,0,58f7acaa2bcc0050
A_UNRESTRICTED/NATURE/10x10x5,A,A_UNRESTRICTED,0,nature,10x10x5,10,5,10,500,Gumin,simple-tiled-3d,measured,2,2,1324750688,1,0,0,0,1,1,500,500,0,0,0,500,97,6.9254,0.8173,6.1081,6.9254,0,13.8508,13.8508,1,0,5f4ecc0dd9145d8d
A_UNRESTRICTED/DESERT/10x10x5,A,A_UNRESTRICTED,0,desert,10x10x5,10,5,10,500,ThisWork,heap,warmup,0,0,1322145668,1,0,0,0,1,1,500,500,0,0,0,500,106,2.1709,0.3248,1.8461,2.1709,0,4.3418,4.3418,1,0,758bdcaa8b2fa600
A_UNRESTRICTED/DESERT/10x10x5,A,A_UNRESTRICTED,0,desert,10x10x5,10,5,10,500,Gumin,simple-tiled-3d,warmup,0,1,1322145668,1,0,0,0,1,1,500,500,0,0,0,500,139,2.0674,0.3495,1.7179,2.0674,0,4.1348,4.1348,1,0,443e887fe1f4a5b4
A_UNRESTRICTED/DESERT/10x10x5,A,A_UNRESTRICTED,0,desert,10x10x5,10,5,10,500,DeBroglie,matched,warmup,0,2,1322145668,1,0,0,0,1,1,500,500,0,0,0,500,79,4.2839,0.4277,3.8562,4.2839,0,8.5678,8.5678,1,0,b032f0d128248317
A_UNRESTRICTED/DESERT/10x10x5,A,A_UNRESTRICTED,0,desert,10x10x5,10,5,10,500,ThisWork,heap,measured,0,0,1228699130,1,0,0,0,1,1,500,500,0,0,0,500,69,1.8354,0.3319,1.5035,1.8354,0,3.6708,3.6708,1,0,3c0ae50f74603090
A_UNRESTRICTED/DESERT/10x10x5,A,A_UNRESTRICTED,0,desert,10x10x5,10,5,10,500,Gumin,simple-tiled-3d,measured,0,1,1228699130,1,0,0,0,1,1,500,500,0,0,0,500,101,2.024,0.3498,1.6742,2.024,0,4.048,4.048,1,0,2c2099d7c9421e31
A_UNRESTRICTED/DESERT/10x10x5,A,A_UNRESTRICTED,0,desert,10x10x5,10,5,10,500,DeBroglie,matched,measured,0,2,1228699130,1,0,0,0,1,1,500,500,0,0,0,500,60,4.4343,0.438,3.9963,4.4343,0,8.8686,8.8686,1,0,8534f47434d2c989
A_UNRESTRICTED/DESERT/10x10x5,A,A_UNRESTRICTED,0,desert,10x10x5,10,5,10,500,Gumin,simple-tiled-3d,measured,1,0,1684692971,1,0,0,0,1,1,500,500,0,0,0,500,68,2.0526,0.344,1.7086,2.0526,0,4.1052,4.1052,1,0,c2266ede8c418702
A_UNRESTRICTED/DESERT/10x10x5,A,A_UNRESTRICTED,0,desert,10x10x5,10,5,10,500,DeBroglie,matched,measured,1,1,1684692971,1,0,0,0,1,1,500,500,0,0,0,500,100,4.2521,0.4053,3.8468,4.2521,0,8.5042,8.5042,1,0,1510d43946cdb180
A_UNRESTRICTED/DESERT/10x10x5,A,A_UNRESTRICTED,0,desert,10x10x5,10,5,10,500,ThisWork,heap,measured,1,2,1684692971,1,0,0,0,1,1,500,500,0,0,0,500,88,1.9067,0.3251,1.5816,1.9067,0,3.8134,3.8134,1,0,18db6478bff58e6a
A_UNRESTRICTED/DESERT/10x10x5,A,A_UNRESTRICTED,0,desert,10x10x5,10,5,10,500,DeBroglie,matched,measured,2,0,2111098907,1,0,0,0,1,1,500,500,0,0,0,500,106,4.8511,0.4725,4.3786,4.8511,0,9.7022,9.7022,1,0,f3c82c74521da2a5
A_UNRESTRICTED/DESERT/10x10x5,A,A_UNRESTRICTED,0,desert,10x10x5,10,5,10,500,ThisWork,heap,measured,2,1,2111098907,1,0,0,0,1,1,500,500,0,0,0,500,109,1.9878,0.3581,1.6297,1.9878,0,3.9756,3.9756,1,0,2493e25ddb133d5a
A_UNRESTRICTED/DESERT/10x10x5,A,A_UNRESTRICTED,0,desert,10x10x5,10,5,10,500,Gumin,simple-tiled-3d,measured,2,2,2111098907,1,0,0,0,1,1,500,500,0,0,0,500,94,2.0531,0.3785,1.6746,2.0531,0,4.1062,4.1062,1,0,3e0cc394dd0179ef
A_UNRESTRICTED/FARM/10x10x5,A,A_UNRESTRICTED,0,farm,10x10x5,10,5,10,500,ThisWork,heap,warmup,0,0,1931051739,1,0,0,0,1,1,500,500,0,0,0,500,325,6.8402,0.951,5.8892,6.8402,0,13.6804,13.6804,1,0,5f301e5740d85a19
A_UNRESTRICTED/FARM/10x10x5,A,A_UNRESTRICTED,0,farm,10x10x5,10,5,10,500,Gumin,simple-tiled-3d,warmup,0,1,1931051739,1,0,0,0,1,1,500,500,0,0,0,500,271,7.6119,1.0719,6.54,7.6119,0,15.2238,15.2238,1,0,34e3fdf570f01b91
A_UNRESTRICTED/FARM/10x10x5,A,A_UNRESTRICTED,0,farm,10x10x5,10,5,10,500,DeBroglie,matched,warmup,0,2,1931051739,1,0,0,0,1,1,500,500,0,0,0,500,272,13.5007,0.9399,12.5608,13.5007,0,27.0014,27.0014,1,0,a456f6e8450c1213
A_UNRESTRICTED/FARM/10x10x5,A,A_UNRESTRICTED,0,farm,10x10x5,10,5,10,500,ThisWork,heap,measured,0,0,349573240,1,0,0,0,1,1,500,500,0,0,0,500,241,6.8746,0.8736,6.001,6.8746,0,13.7492,13.7492,1,0,b3d0f39c0b626128
A_UNRESTRICTED/FARM/10x10x5,A,A_UNRESTRICTED,0,farm,10x10x5,10,5,10,500,Gumin,simple-tiled-3d,measured,0,1,349573240,1,0,0,0,1,1,500,500,0,0,0,500,267,8.2774,1.0652,7.2122,8.2774,0,16.5548,16.5548,1,0,508ac74c86363638
A_UNRESTRICTED/FARM/10x10x5,A,A_UNRESTRICTED,0,farm,10x10x5,10,5,10,500,DeBroglie,matched,measured,0,2,349573240,1,0,0,0,1,1,500,500,0,0,0,500,215,13.1223,0.8675,12.2548,13.1223,0,26.2446,26.2446,1,0,6c69640f6a7f0643
A_UNRESTRICTED/FARM/10x10x5,A,A_UNRESTRICTED,0,farm,10x10x5,10,5,10,500,Gumin,simple-tiled-3d,measured,1,0,816534088,1,0,0,0,1,1,500,500,0,0,0,500,344,7.8487,0.9581,6.8906,7.8487,0,15.6974,15.6974,1,0,060967faa86b7950
A_UNRESTRICTED/FARM/10x10x5,A,A_UNRESTRICTED,0,farm,10x10x5,10,5,10,500,DeBroglie,matched,measured,1,1,816534088,1,0,0,0,1,1,500,500,0,0,0,500,118,13.208,0.946,12.262,13.208,0,26.416,26.416,1,0,1a3f2d56f61f86f2
A_UNRESTRICTED/FARM/10x10x5,A,A_UNRESTRICTED,0,farm,10x10x5,10,5,10,500,ThisWork,heap,measured,1,2,816534088,1,0,0,0,1,1,500,500,0,0,0,500,293,6.927,0.9832,5.9438,6.927,0,13.854,13.854,1,0,016ebbf9b3a657ce
A_UNRESTRICTED/FARM/10x10x5,A,A_UNRESTRICTED,0,farm,10x10x5,10,5,10,500,DeBroglie,matched,measured,2,0,903964553,1,0,0,0,1,1,500,500,0,0,0,500,239,14.5791,1.2099,13.3692,14.5791,0,29.1582,29.1582,1,0,7ef377de15e1ea90
A_UNRESTRICTED/FARM/10x10x5,A,A_UNRESTRICTED,0,farm,10x10x5,10,5,10,500,ThisWork,heap,measured,2,1,903964553,1,0,0,0,1,1,500,500,0,0,0,500,254,6.6563,0.8857,5.7706,6.6563,0,13.3126,13.3126,1,0,3b6e16f32b36a9b1
A_UNRESTRICTED/FARM/10x10x5,A,A_UNRESTRICTED,0,farm,10x10x5,10,5,10,500,Gumin,simple-tiled-3d,measured,2,2,903964553,1,0,0,0,1,1,500,500,0,0,0,500,242,7.9093,1.181,6.7283,7.9093,0,15.8186,15.8186,1,0,747ae523ce974093
B0_BASELINE/NATURE/10x10x5,B,B0_BASELINE,0,nature,10x10x5,10,5,10,500,ThisWork,heap,warmup,0,0,400611051,1,0,0,0,1,1,500,500,0,0,0,500,134,6.5293,0.7028,5.8265,6.5293,0,13.0586,13.0586,1,0,0a272cea7b19c2a2
B0_BASELINE/NATURE/10x10x5,B,B0_BASELINE,0,nature,10x10x5,10,5,10,500,DeBroglie,matched,warmup,0,1,400611051,1,0,0,0,1,1,500,500,0,0,0,500,116,13.3232,1.2034,12.1198,13.3232,0,26.6464,26.6464,1,0,6b683f8cce25ba0b
B0_BASELINE/NATURE/10x10x5,B,B0_BASELINE,0,nature,10x10x5,10,5,10,500,ThisWork,heap,measured,0,0,1950087503,1,0,0,0,1,1,500,500,0,0,0,500,110,6.3813,0.7165,5.6648,6.3813,0,12.7626,12.7626,1,0,86df3b9065acf59a
B0_BASELINE/NATURE/10x10x5,B,B0_BASELINE,0,nature,10x10x5,10,5,10,500,DeBroglie,matched,measured,0,1,1950087503,1,0,0,0,1,1,500,500,0,0,0,500,118,12.2488,0.6997,11.5491,12.2488,0,24.4976,24.4976,1,0,5c5692b891fb104a
B0_BASELINE/NATURE/10x10x5,B,B0_BASELINE,0,nature,10x10x5,10,5,10,500,DeBroglie,matched,measured,1,0,900757723,1,0,0,0,1,1,500,500,0,0,0,500,132,12.8348,0.7033,12.1315,12.8348,0,25.6696,25.6696,1,0,2130d2be784658eb
B0_BASELINE/NATURE/10x10x5,B,B0_BASELINE,0,nature,10x10x5,10,5,10,500,ThisWork,heap,measured,1,1,900757723,1,0,0,0,1,1,500,500,0,0,0,500,116,6.3724,0.7353,5.6371,6.3724,0,12.7448,12.7448,1,0,204d9020d081aaba
B0_BASELINE/NATURE/10x10x5,B,B0_BASELINE,0,nature,10x10x5,10,5,10,500,ThisWork,heap,measured,2,0,1324750688,1,0,0,0,1,1,500,500,0,0,0,500,124,6.5982,0.6905,5.9077,6.5982,0,13.1964,13.1964,1,0,58f7acaa2bcc0050
B0_BASELINE/NATURE/10x10x5,B,B0_BASELINE,0,nature,10x10x5,10,5,10,500,DeBroglie,matched,measured,2,1,1324750688,1,0,0,0,1,1,500,500,0,0,0,500,160,12.9147,0.7273,12.1874,12.9147,0,25.8294,25.8294,1,0,181680ea48cc3371
B1_LAYERS/NATURE/10x10x5,B,B1_LAYERS,1,nature,10x10x5,10,5,10,500,ThisWork,heap,warmup,0,0,400611051,1,0,0,0,1,1,300,300,200,0,0,300,121,3.921,0.6985,3.2225,3.921,0,13.07,13.07,1,0,3d70194eaeaa8949
B1_LAYERS/NATURE/10x10x5,B,B1_LAYERS,1,nature,10x10x5,10,5,10,500,DeBroglie,matched,warmup,0,1,400611051,1,0,0,0,1,1,300,300,200,0,0,300,107,10.6648,3.8635,6.8013,10.6648,0,35.549333,35.549333,1,0,c3b4117e0fb32800
B1_LAYERS/NATURE/10x10x5,B,B1_LAYERS,1,nature,10x10x5,10,5,10,500,ThisWork,heap,measured,0,0,1950087503,1,0,0,0,1,1,300,300,200,0,0,300,146,4.2258,0.6982,3.5276,4.2258,0,14.086,14.086,1,0,02280349a6b579d2
B1_LAYERS/NATURE/10x10x5,B,B1_LAYERS,1,nature,10x10x5,10,5,10,500,DeBroglie,matched,measured,0,1,1950087503,1,0,0,0,1,1,300,300,200,0,0,300,112,7.745,1.147,6.598,7.745,0,25.816667,25.816667,1,0,24b0cee581d947d1
B1_LAYERS/NATURE/10x10x5,B,B1_LAYERS,1,nature,10x10x5,10,5,10,500,DeBroglie,matched,measured,1,0,900757723,1,0,0,0,1,1,300,300,200,0,0,300,116,7.7682,1.1311,6.6371,7.7682,0,25.894,25.894,1,0,76a6b9254e91813d
B1_LAYERS/NATURE/10x10x5,B,B1_LAYERS,1,nature,10x10x5,10,5,10,500,ThisWork,heap,measured,1,1,900757723,1,0,0,0,1,1,300,300,200,0,0,300,142,3.8139,0.7162,3.0977,3.8139,0,12.713,12.713,1,0,407f22415c06e01c
B1_LAYERS/NATURE/10x10x5,B,B1_LAYERS,1,nature,10x10x5,10,5,10,500,ThisWork,heap,measured,2,0,1324750688,1,0,0,0,1,1,300,300,200,0,0,300,137,3.8024,0.7009,3.1015,3.8024,0,12.674667,12.674667,1,0,54cc2f84db059a72
B1_LAYERS/NATURE/10x10x5,B,B1_LAYERS,1,nature,10x10x5,10,5,10,500,DeBroglie,matched,measured,2,1,1324750688,1,0,0,0,1,1,300,300,200,0,0,300,107,7.6324,1.1672,6.4652,7.6324,0,25.441333,25.441333,1,0,28a933479a9e0632
B2_LAYERS_BOUNDARY/NATURE/10x10x5,B,B2_LAYERS_BOUNDARY,2,nature,10x10x5,10,5,10,500,ThisWork,heap,warmup,0,0,400611051,1,0,0,0,1,1,264,264,200,36,0,116,76,3.0482,2.5146,0.5336,3.0482,0,11.546212,11.546212,1,0,874910a3ca3de4a7
B2_LAYERS_BOUNDARY/NATURE/10x10x5,B,B2_LAYERS_BOUNDARY,2,nature,10x10x5,10,5,10,500,DeBroglie,matched,warmup,0,1,400611051,1,0,0,0,1,1,264,264,200,36,0,116,71,7.5297,5.5965,1.9332,7.5297,0,28.521591,28.521591,1,0,77d9476fbb8a28e8
B2_LAYERS_BOUNDARY/NATURE/10x10x5,B,B2_LAYERS_BOUNDARY,2,nature,10x10x5,10,5,10,500,ThisWork,heap,measured,0,0,1950087503,1,0,0,0,1,1,264,264,200,36,0,116,75,3.2591,2.693,0.5661,3.2591,0,12.345076,12.345076,1,0,2a1b0666028b9203
B2_LAYERS_BOUNDARY/NATURE/10x10x5,B,B2_LAYERS_BOUNDARY,2,nature,10x10x5,10,5,10,500,DeBroglie,matched,measured,0,1,1950087503,1,0,0,0,1,1,264,264,200,36,0,116,65,6.9628,5.8627,1.1001,6.9628,0,26.374242,26.374242,1,0,2f96fdf0636f324a
B2_LAYERS_BOUNDARY/NATURE/10x10x5,B,B2_LAYERS_BOUNDARY,2,nature,10x10x5,10,5,10,500,DeBroglie,matched,measured,1,0,900757723,1,0,0,0,1,1,264,264,200,36,0,116,61,6.8388,5.7563,1.0825,6.8388,0,25.904545,25.904545,1,0,8161d066bbf695b5
B2_LAYERS_BOUNDARY/NATURE/10x10x5,B,B2_LAYERS_BOUNDARY,2,nature,10x10x5,10,5,10,500,ThisWork,heap,measured,1,1,900757723,1,0,0,0,1,1,264,264,200,36,0,116,62,3.0713,2.5556,0.5157,3.0713,0,11.633712,11.633712,1,0,1040d429d628859f
B2_LAYERS_BOUNDARY/NATURE/10x10x5,B,B2_LAYERS_BOUNDARY,2,nature,10x10x5,10,5,10,500,ThisWork,heap,measured,2,0,1324750688,1,0,0,0,1,1,264,264,200,36,0,116,79,3.0976,2.548,0.5496,3.0976,0,11.733333,11.733333,1,0,aaec2b6924ebc810
B2_LAYERS_BOUNDARY/NATURE/10x10x5,B,B2_LAYERS_BOUNDARY,2,nature,10x10x5,10,5,10,500,DeBroglie,matched,measured,2,1,1324750688,1,0,0,0,1,1,264,264,200,36,0,116,56,6.894,5.8093,1.0847,6.894,0,26.113636,26.113636,1,0,a2fc2aa2f66e5f7d
B3_LAYERS_BOUNDARY_FIXED/NATURE/10x10x5,B,B3_LAYERS_BOUNDARY_FIXED,3,nature,10x10x5,10,5,10,500,ThisWork,heap,warmup,0,0,400611051,4,3,3,0,1,0,261,261,200,36,3,104,68,3.1617,2.7699,0.3918,3.1565,0.0052,12.113793,12.09387,1,0,c66211856185cf3b
B3_LAYERS_BOUNDARY_FIXED/NATURE/10x10x5,B,B3_LAYERS_BOUNDARY_FIXED,3,nature,10x10x5,10,5,10,500,DeBroglie,matched,warmup,0,1,400611051,4,3,3,0,1,0,261,261,200,36,3,104,73,6.7136,5.8284,0.8852,6.703,0.0106,25.722605,25.681992,1,0,cde0f6fe301848b0
B3_LAYERS_BOUNDARY_FIXED/NATURE/10x10x5,B,B3_LAYERS_BOUNDARY_FIXED,3,nature,10x10x5,10,5,10,500,ThisWork,heap,measured,0,0,1950087503,1,0,0,0,1,1,261,261,200,36,3,92,68,3.145,2.8317,0.3133,3.145,0,12.049808,12.049808,1,0,392bc76ca96c5365
B3_LAYERS_BOUNDARY_FIXED/NATURE/10x10x5,B,B3_LAYERS_BOUNDARY_FIXED,3,nature,10x10x5,10,5,10,500,DeBroglie,matched,measured,0,1,1950087503,1,0,0,0,1,1,261,261,200,36,3,92,65,6.7021,6.0335,0.6686,6.7021,0,25.678544,25.678544,1,0,e619e1a51f9889c7
B3_LAYERS_BOUNDARY_FIXED/NATURE/10x10x5,B,B3_LAYERS_BOUNDARY_FIXED,3,nature,10x10x5,10,5,10,500,DeBroglie,matched,measured,1,0,900757723,11,10,10,0,1,0,261,261,200,36,3,90,54,6.8218,6.1983,0.6235,6.8003,0.0215,26.137165,26.054789,1,0,203535ec2328cb4e
B3_LAYERS_BOUNDARY_FIXED/NATURE/10x10x5,B,B3_LAYERS_BOUNDARY_FIXED,3,nature,10x10x5,10,5,10,500,ThisWork,heap,measured,1,1,900757723,11,10,10,0,1,0,261,261,200,36,3,90,67,3.0736,2.7985,0.2751,3.0475,0.0261,11.776245,11.676245,1,0,e970b813ce42d35c
B3_LAYERS_BOUNDARY_FIXED/NATURE/10x10x5,B,B3_LAYERS_BOUNDARY_FIXED,3,nature,10x10x5,10,5,10,500,ThisWork,heap,measured,2,0,1324750688,8,7,7,0,1,0,261,261,200,36,3,101,52,3.0879,2.7186,0.3693,3.0721,0.0158,11.831034,11.770498,1,0,547256a100c5dd47
B3_LAYERS_BOUNDARY_FIXED/NATURE/10x10x5,B,B3_LAYERS_BOUNDARY_FIXED,3,nature,10x10x5,10,5,10,500,DeBroglie,matched,measured,2,1,1324750688,8,7,7,0,1,0,261,261,200,36,3,101,69,6.9099,6.174,0.7359,6.8923,0.0176,26.474713,26.40728,1,0,25c3ce91f042f82b
B4_LAYERS_BOUNDARY_FIXED_NEGATIVE/NATURE/10x10x5,B,B4_LAYERS_BOUNDARY_FIXED_NEGATIVE,4,nature,10x10x5,10,5,10,500,ThisWork,heap,warmup,0,0,400611051,4,3,3,0,1,0,261,261,200,36,3,102,60,3.059,2.7128,0.3462,3.0522,0.0068,11.720307,11.694253,1,0,d18b09dc73684e79
B4_LAYERS_BOUNDARY_FIXED_NEGATIVE/NATURE/10x10x5,B,B4_LAYERS_BOUNDARY_FIXED_NEGATIVE,4,nature,10x10x5,10,5,10,500,DeBroglie,matched,warmup,0,1,400611051,4,3,3,0,1,0,261,261,200,36,3,102,54,6.9067,6.2269,0.6798,6.9002,0.0065,26.462452,26.437548,1,0,9268484a14f1a914
B4_LAYERS_BOUNDARY_FIXED_NEGATIVE/NATURE/10x10x5,B,B4_LAYERS_BOUNDARY_FIXED_NEGATIVE,4,nature,10x10x5,10,5,10,500,ThisWork,heap,measured,0,0,1950087503,1,0,0,0,1,1,261,261,200,36,3,88,61,3.0424,2.791,0.2514,3.0424,0,11.656705,11.656705,1,0,81b395ea453cd52a
B4_LAYERS_BOUNDARY_FIXED_NEGATIVE/NATURE/10x10x5,B,B4_LAYERS_BOUNDARY_FIXED_NEGATIVE,4,nature,10x10x5,10,5,10,500,DeBroglie,matched,measured,0,1,1950087503,1,0,0,0,1,1,261,261,200,36,3,88,61,6.6291,6.0891,0.54,6.6291,0,25.398851,25.398851,1,0,fe1bf729941dfe0e
B4_LAYERS_BOUNDARY_FIXED_NEGATIVE/NATURE/10x10x5,B,B4_LAYERS_BOUNDARY_FIXED_NEGATIVE,4,nature,10x10x5,10,5,10,500,DeBroglie,matched,measured,1,0,900757723,11,10,10,0,1,0,261,261,200,36,3,82,59,6.5833,6.08,0.5033,6.5559,0.0274,25.223372,25.118391,1,0,ef8af9db6096ed54
B4_LAYERS_BOUNDARY_FIXED_NEGATIVE/NATURE/10x10x5,B,B4_LAYERS_BOUNDARY_FIXED_NEGATIVE,4,nature,10x10x5,10,5,10,500,ThisWork,heap,measured,1,1,900757723,11,10,10,0,1,0,261,261,200,36,3,82,49,3.124,2.8901,0.2339,3.1046,0.0194,11.969349,11.895019,1,0,5dd5a862a9ab2343
B4_LAYERS_BOUNDARY_FIXED_NEGATIVE/NATURE/10x10x5,B,B4_LAYERS_BOUNDARY_FIXED_NEGATIVE,4,nature,10x10x5,10,5,10,500,ThisWork,heap,measured,2,0,1324750688,8,7,7,0,1,0,261,261,200,36,3,88,53,3.1002,2.8089,0.2913,3.0833,0.0169,11.878161,11.81341,1,0,c62598ef12143ea6
B4_LAYERS_BOUNDARY_FIXED_NEGATIVE/NATURE/10x10x5,B,B4_LAYERS_BOUNDARY_FIXED_NEGATIVE,4,nature,10x10x5,10,5,10,500,DeBroglie,matched,measured,2,1,1324750688,8,7,7,0,1,0,261,261,200,36,3,88,64,6.4512,5.8666,0.5846,6.4357,0.0155,24.717241,24.657854,1,0,dcdef4a02e3526bb
B0_BASELINE/DESERT/10x10x5,B,B0_BASELINE,0,desert,10x10x5,10,5,10,500,ThisWork,heap,warmup,0,0,1322145668,1,0,0,0,1,1,500,500,0,0,0,500,106,1.8497,0.3289,1.5208,1.8497,0,3.6994,3.6994,1,0,758bdcaa8b2fa600
B0_BASELINE/DESERT/10x10x5,B,B0_BASELINE,0,desert,10x10x5,10,5,10,500,DeBroglie,matched,warmup,0,1,1322145668,1,0,0,0,1,1,500,500,0,0,0,500,79,4.1806,0.4166,3.764,4.1806,0,8.3612,8.3612,1,0,b032f0d128248317
B0_BASELINE/DESERT/10x10x5,B,B0_BASELINE,0,desert,10x10x5,10,5,10,500,ThisWork,heap,measured,0,0,1228699130,1,0,0,0,1,1,500,500,0,0,0,500,69,1.8786,0.332,1.5466,1.8786,0,3.7572,3.7572,1,0,3c0ae50f74603090
B0_BASELINE/DESERT/10x10x5,B,B0_BASELINE,0,desert,10x10x5,10,5,10,500,DeBroglie,matched,measured,0,1,1228699130,1,0,0,0,1,1,500,500,0,0,0,500,60,4.1309,0.4079,3.723,4.1309,0,8.2618,8.2618,1,0,8534f47434d2c989
B0_BASELINE/DESERT/10x10x5,B,B0_BASELINE,0,desert,10x10x5,10,5,10,500,DeBroglie,matched,measured,1,0,1684692971,1,0,0,0,1,1,500,500,0,0,0,500,100,4.0943,0.3933,3.701,4.0943,0,8.1886,8.1886,1,0,1510d43946cdb180
B0_BASELINE/DESERT/10x10x5,B,B0_BASELINE,0,desert,10x10x5,10,5,10,500,ThisWork,heap,measured,1,1,1684692971,1,0,0,0,1,1,500,500,0,0,0,500,88,1.8352,0.3236,1.5116,1.8352,0,3.6704,3.6704,1,0,18db6478bff58e6a
B0_BASELINE/DESERT/10x10x5,B,B0_BASELINE,0,desert,10x10x5,10,5,10,500,ThisWork,heap,measured,2,0,2111098907,1,0,0,0,1,1,500,500,0,0,0,500,109,1.9057,0.3269,1.5788,1.9057,0,3.8114,3.8114,1,0,2493e25ddb133d5a
B0_BASELINE/DESERT/10x10x5,B,B0_BASELINE,0,desert,10x10x5,10,5,10,500,DeBroglie,matched,measured,2,1,2111098907,1,0,0,0,1,1,500,500,0,0,0,500,106,4.3568,0.3912,3.9656,4.3568,0,8.7136,8.7136,1,0,f3c82c74521da2a5
B1_LAYERS/DESERT/10x10x5,B,B1_LAYERS,1,desert,10x10x5,10,5,10,500,ThisWork,heap,warmup,0,0,1322145668,1,0,0,0,1,1,300,300,200,0,0,300,160,1.1465,0.3593,0.7872,1.1465,0,3.821667,3.821667,1,0,19c3c6d29202f77c
B1_LAYERS/DESERT/10x10x5,B,B1_LAYERS,1,desert,10x10x5,10,5,10,500,DeBroglie,matched,warmup,0,1,1322145668,1,0,0,0,1,1,300,300,200,0,0,300,101,2.7047,0.8206,1.8841,2.7047,0,9.015667,9.015667,1,0,21c19dd94696779e
B1_LAYERS/DESERT/10x10x5,B,B1_LAYERS,1,desert,10x10x5,10,5,10,500,ThisWork,heap,measured,0,0,1228699130,1,0,0,0,1,1,300,300,200,0,0,300,101,1.1408,0.3779,0.7629,1.1408,0,3.802667,3.802667,1,0,6ef8827b2d325b15
B1_LAYERS/DESERT/10x10x5,B,B1_LAYERS,1,desert,10x10x5,10,5,10,500,DeBroglie,matched,measured,0,1,1228699130,1,0,0,0,1,1,300,300,200,0,0,300,127,2.7843,0.8044,1.9799,2.7843,0,9.281,9.281,1,0,e8992d786d99bf12
B1_LAYERS/DESERT/10x10x5,B,B1_LAYERS,1,desert,10x10x5,10,5,10,500,DeBroglie,matched,measured,1,0,1684692971,1,0,0,0,1,1,300,300,200,0,0,300,145,2.6783,0.8161,1.8622,2.6783,0,8.927667,8.927667,1,0,af9caaebe5c02251
B1_LAYERS/DESERT/10x10x5,B,B1_LAYERS,1,desert,10x10x5,10,5,10,500,ThisWork,heap,measured,1,1,1684692971,1,0,0,0,1,1,300,300,200,0,0,300,108,1.1187,0.357,0.7617,1.1187,0,3.729,3.729,1,0,19065521fae68a0e
B1_LAYERS/DESERT/10x10x5,B,B1_LAYERS,1,desert,10x10x5,10,5,10,500,ThisWork,heap,measured,2,0,2111098907,1,0,0,0,1,1,300,300,200,0,0,300,113,1.1275,0.3393,0.7882,1.1275,0,3.758333,3.758333,1,0,e37bfbee527bcaa8
B1_LAYERS/DESERT/10x10x5,B,B1_LAYERS,1,desert,10x10x5,10,5,10,500,DeBroglie,matched,measured,2,1,2111098907,1,0,0,0,1,1,300,300,200,0,0,300,70,2.6882,0.8394,1.8488,2.6882,0,8.960667,8.960667,1,0,dd43e43e5c54bbf6
B2_LAYERS_BOUNDARY/DESERT/10x10x5,B,B2_LAYERS_BOUNDARY,2,desert,10x10x5,10,5,10,500,ThisWork,heap,warmup,0,0,1322145668,1,0,0,0,1,1,264,264,200,36,0,112,44,0.7756,0.6408,0.1348,0.7756,0,2.937879,2.937879,1,0,863ede4d48b1a824
B2_LAYERS_BOUNDARY/DESERT/10x10x5,B,B2_LAYERS_BOUNDARY,2,desert,10x10x5,10,5,10,500,DeBroglie,matched,warmup,0,1,1322145668,1,0,0,0,1,1,264,264,200,36,0,112,50,2.6229,2.279,0.3439,2.6229,0,9.935227,9.935227,1,0,4822447e88e467d2
B2_LAYERS_BOUNDARY/DESERT/10x10x5,B,B2_LAYERS_BOUNDARY,2,desert,10x10x5,10,5,10,500,ThisWork,heap,measured,0,0,1228699130,1,0,0,0,1,1,264,264,200,36,0,112,43,0.796,0.6584,0.1376,0.796,0,3.015152,3.015152,1,0,552c131669d604f5
B2_LAYERS_BOUNDARY/DESERT/10x10x5,B,B2_LAYERS_BOUNDARY,2,desert,10x10x5,10,5,10,500,DeBroglie,matched,measured,0,1,1228699130,1,0,0,0,1,1,264,264,200,36,0,112,47,2.4912,2.1761,0.3151,2.4912,0,9.436364,9.436364,1,0,ac41ab13d9f30aed
B2_LAYERS_BOUNDARY/DESERT/10x10x5,B,B2_LAYERS_BOUNDARY,2,desert,10x10x5,10,5,10,500,DeBroglie,matched,measured,1,0,1684692971,1,0,0,0,1,1,264,264,200,36,0,112,38,2.405,2.0527,0.3523,2.405,0,9.109848,9.109848,1,0,8729904cb6e36587
B2_LAYERS_BOUNDARY/DESERT/10x10x5,B,B2_LAYERS_BOUNDARY,2,desert,10x10x5,10,5,10,500,ThisWork,heap,measured,1,1,1684692971,1,0,0,0,1,1,264,264,200,36,0,112,24,0.7977,0.6731,0.1246,0.7977,0,3.021591,3.021591,1,0,79f63e95b83553e0
B2_LAYERS_BOUNDARY/DESERT/10x10x5,B,B2_LAYERS_BOUNDARY,2,desert,10x10x5,10,5,10,500,ThisWork,heap,measured,2,0,2111098907,1,0,0,0,1,1,264,264,200,36,0,112,41,0.7859,0.6576,0.1283,0.7859,0,2.976894,2.976894,1,0,28892f53ee51b80f
B2_LAYERS_BOUNDARY/DESERT/10x10x5,B,B2_LAYERS_BOUNDARY,2,desert,10x10x5,10,5,10,500,DeBroglie,matched,measured,2,1,2111098907,1,0,0,0,1,1,264,264,200,36,0,112,53,2.3649,2.0252,0.3397,2.3649,0,8.957955,8.957955,1,0,6ee3154b16f5bd2d
B3_LAYERS_BOUNDARY_FIXED/DESERT/10x10x5,B,B3_LAYERS_BOUNDARY_FIXED,3,desert,10x10x5,10,5,10,500,ThisWork,heap,warmup,0,0,1322145668,2,1,1,0,1,0,262,262,200,36,2,91,29,1.0138,0.7358,0.278,1.0116,0.0022,3.869466,3.861069,1,0,88158355bc017158
B3_LAYERS_BOUNDARY_FIXED/DESERT/10x10x5,B,B3_LAYERS_BOUNDARY_FIXED,3,desert,10x10x5,10,5,10,500,DeBroglie,matched,warmup,0,1,1322145668,2,1,1,0,1,0,262,262,200,36,2,91,44,2.4082,2.1684,0.2398,2.4057,0.0025,9.191603,9.182061,1,0,80ca376d4692c2b6
B3_LAYERS_BOUNDARY_FIXED/DESERT/10x10x5,B,B3_LAYERS_BOUNDARY_FIXED,3,desert,10x10x5,10,5,10,500,ThisWork,heap,measured,0,0,1228699130,1,0,0,0,1,1,262,262,200,36,2,92,27,0.8273,0.745,0.0823,0.8273,0,3.157634,3.157634,1,0,3aa36b8a20e6ca22
B3_LAYERS_BOUNDARY_FIXED/DESERT/10x10x5,B,B3_LAYERS_BOUNDARY_FIXED,3,desert,10x10x5,10,5,10,500,DeBroglie,matched,measured,0,1,1228699130,1,0,0,0,1,1,262,262,200,36,2,92,33,2.3459,2.1304,0.2155,2.3459,0,8.953817,8.953817,1,0,cf55f833f342a30d
B3_LAYERS_BOUNDARY_FIXED/DESERT/10x10x5,B,B3_LAYERS_BOUNDARY_FIXED,3,desert,10x10x5,10,5,10,500,DeBroglie,matched,measured,1,0,1684692971,1,0,0,0,1,1,262,262,200,36,2,97,42,2.3711,2.1205,0.2506,2.3711,0,9.05,9.05,1,0,7fc9e970789704c7
B3_LAYERS_BOUNDARY_FIXED/DESERT/10x10x5,B,B3_LAYERS_BOUNDARY_FIXED,3,desert,10x10x5,10,5,10,500,ThisWork,heap,measured,1,1,1684692971,1,0,0,0,1,1,262,262,200,36,2,97,46,0.8323,0.7434,0.0889,0.8323,0,3.176718,3.176718,1,0,80b93e8d865c8df7
B3_LAYERS_BOUNDARY_FIXED/DESERT/10x10x5,B,B3_LAYERS_BOUNDARY_FIXED,3,desert,10x10x5,10,5,10,500,ThisWork,heap,measured,2,0,2111098907,9,8,8,0,1,0,262,262,200,36,2,97,39,0.8428,0.739,0.1038,0.8258,0.017,3.216794,3.151908,1,0,5e11b6d18a18cb85
B3_LAYERS_BOUNDARY_FIXED/DESERT/10x10x5,B,B3_LAYERS_BOUNDARY_FIXED,3,desert,10x10x5,10,5,10,500,DeBroglie,matched,measured,2,1,2111098907,9,8,8,0,1,0,262,262,200,36,2,97,39,2.3996,2.1303,0.2693,2.3833,0.0163,9.158779,9.096565,1,0,79a354729dcd2acb
B4_LAYERS_BOUNDARY_FIXED_NEGATIVE/DESERT/10x10x5,B,B4_LAYERS_BOUNDARY_FIXED_NEGATIVE,4,desert,10x10x5,10,5,10,500,ThisWork,heap,warmup,0,0,1322145668,2,1,1,0,1,0,262,262,200,36,2,64,44,0.7804,0.6707,0.1097,0.7787,0.0017,2.978626,2.972137,1,0,2c7636ddd830ad45
B4_LAYERS_BOUNDARY_FIXED_NEGATIVE/DESERT/10x10x5,B,B4_LAYERS_BOUNDARY_FIXED_NEGATIVE,4,desert,10x10x5,10,5,10,500,DeBroglie,matched,warmup,0,1,1322145668,2,1,1,0,1,0,262,262,200,36,2,64,36,2.291,2.1409,0.1501,2.2879,0.0031,8.744275,8.732443,1,0,9c47288eb621117e
B4_LAYERS_BOUNDARY_FIXED_NEGATIVE/DESERT/10x10x5,B,B4_LAYERS_BOUNDARY_FIXED_NEGATIVE,4,desert,10x10x5,10,5,10,500,ThisWork,heap,measured,0,0,1228699130,1,0,0,0,1,1,262,262,200,36,2,62,32,0.7499,0.6908,0.0591,0.7499,0,2.862214,2.862214,1,0,d2498ec8a2ec486b
B4_LAYERS_BOUNDARY_FIXED_NEGATIVE/DESERT/10x10x5,B,B4_LAYERS_BOUNDARY_FIXED_NEGATIVE,4,desert,10x10x5,10,5,10,500,DeBroglie,matched,measured,0,1,1228699130,1,0,0,0,1,1,262,262,200,36,2,62,42,2.3908,2.252,0.1388,2.3908,0,9.125191,9.125191,1,0,211900bc68f2336a
B4_LAYERS_BOUNDARY_FIXED_NEGATIVE/DESERT/10x10x5,B,B4_LAYERS_BOUNDARY_FIXED_NEGATIVE,4,desert,10x10x5,10,5,10,500,DeBroglie,matched,measured,1,0,1684692971,1,0,0,0,1,1,262,262,200,36,2,65,37,2.3896,2.205,0.1846,2.3896,0,9.120611,9.120611,1,0,8e122fd77a202ef0
B4_LAYERS_BOUNDARY_FIXED_NEGATIVE/DESERT/10x10x5,B,B4_LAYERS_BOUNDARY_FIXED_NEGATIVE,4,desert,10x10x5,10,5,10,500,ThisWork,heap,measured,1,1,1684692971,1,0,0,0,1,1,262,262,200,36,2,65,45,0.7275,0.6777,0.0498,0.7275,0,2.776718,2.776718,1,0,b03f5abf2b5d766b
B4_LAYERS_BOUNDARY_FIXED_NEGATIVE/DESERT/10x10x5,B,B4_LAYERS_BOUNDARY_FIXED_NEGATIVE,4,desert,10x10x5,10,5,10,500,ThisWork,heap,measured,2,0,2111098907,9,8,8,0,1,0,262,262,200,36,2,76,47,0.7764,0.6998,0.0766,0.7574,0.019,2.963359,2.89084,1,0,8a6e6ff4fd402077
B4_LAYERS_BOUNDARY_FIXED_NEGATIVE/DESERT/10x10x5,B,B4_LAYERS_BOUNDARY_FIXED_NEGATIVE,4,desert,10x10x5,10,5,10,500,DeBroglie,matched,measured,2,1,2111098907,9,8,8,0,1,0,262,262,200,36,2,76,38,2.3005,2.1076,0.1929,2.2837,0.0168,8.780534,8.716412,1,0,0ae6056a6dd93367
B0_BASELINE/FARM/10x10x5,B,B0_BASELINE,0,farm,10x10x5,10,5,10,500,ThisWork,heap,warmup,0,0,1931051739,1,0,0,0,1,1,500,500,0,0,0,500,325,6.6929,0.8581,5.8348,6.6929,0,13.3858,13.3858,1,0,5f301e5740d85a19
B0_BASELINE/FARM/10x10x5,B,B0_BASELINE,0,farm,10x10x5,10,5,10,500,DeBroglie,matched,warmup,0,1,1931051739,1,0,0,0,1,1,500,500,0,0,0,500,272,13.556,0.8671,12.6889,13.556,0,27.112,27.112,1,0,a456f6e8450c1213
B0_BASELINE/FARM/10x10x5,B,B0_BASELINE,0,farm,10x10x5,10,5,10,500,ThisWork,heap,measured,0,0,349573240,1,0,0,0,1,1,500,500,0,0,0,500,241,6.7957,0.9126,5.8831,6.7957,0,13.5914,13.5914,1,0,b3d0f39c0b626128
B0_BASELINE/FARM/10x10x5,B,B0_BASELINE,0,farm,10x10x5,10,5,10,500,DeBroglie,matched,measured,0,1,349573240,1,0,0,0,1,1,500,500,0,0,0,500,215,12.938,0.8456,12.0924,12.938,0,25.876,25.876,1,0,6c69640f6a7f0643
B0_BASELINE/FARM/10x10x5,B,B0_BASELINE,0,farm,10x10x5,10,5,10,500,DeBroglie,matched,measured,1,0,816534088,1,0,0,0,1,1,500,500,0,0,0,500,118,13.2603,0.8657,12.3946,13.2603,0,26.5206,26.5206,1,0,1a3f2d56f61f86f2
B0_BASELINE/FARM/10x10x5,B,B0_BASELINE,0,farm,10x10x5,10,5,10,500,ThisWork,heap,measured,1,1,816534088,1,0,0,0,1,1,500,500,0,0,0,500,293,6.5865,0.8677,5.7188,6.5865,0,13.173,13.173,1,0,016ebbf9b3a657ce
B0_BASELINE/FARM/10x10x5,B,B0_BASELINE,0,farm,10x10x5,10,5,10,500,ThisWork,heap,measured,2,0,903964553,1,0,0,0,1,1,500,500,0,0,0,500,254,6.7567,0.872,5.8847,6.7567,0,13.5134,13.5134,1,0,3b6e16f32b36a9b1
B0_BASELINE/FARM/10x10x5,B,B0_BASELINE,0,farm,10x10x5,10,5,10,500,DeBroglie,matched,measured,2,1,903964553,1,0,0,0,1,1,500,500,0,0,0,500,239,13.1555,0.8752,12.2803,13.1555,0,26.311,26.311,1,0,7ef377de15e1ea90
B1_LAYERS/FARM/10x10x5,B,B1_LAYERS,1,farm,10x10x5,10,5,10,500,ThisWork,heap,warmup,0,0,1931051739,1,0,0,0,1,1,300,300,200,0,0,300,89,3.7417,1.2877,2.454,3.7417,0,12.472333,12.472333,1,0,976804e229188129
B1_LAYERS/FARM/10x10x5,B,B1_LAYERS,1,farm,10x10x5,10,5,10,500,DeBroglie,matched,warmup,0,1,1931051739,1,0,0,0,1,1,300,300,200,0,0,300,169,7.9373,2.5488,5.3885,7.9373,0,26.457667,26.457667,1,0,3e9af3b6ff4ca99a
B1_LAYERS/FARM/10x10x5,B,B1_LAYERS,1,farm,10x10x5,10,5,10,500,ThisWork,heap,measured,0,0,349573240,1,0,0,0,1,1,300,300,200,0,0,300,150,3.819,1.3158,2.5032,3.819,0,12.73,12.73,1,0,1b76aeeeb8c3766a
B1_LAYERS/FARM/10x10x5,B,B1_LAYERS,1,farm,10x10x5,10,5,10,500,DeBroglie,matched,measured,0,1,349573240,1,0,0,0,1,1,300,300,200,0,0,300,49,8.4835,2.8434,5.6401,8.4835,0,28.278333,28.278333,1,0,ec7d6ba087f84cb6
B1_LAYERS/FARM/10x10x5,B,B1_LAYERS,1,farm,10x10x5,10,5,10,500,DeBroglie,matched,measured,1,0,816534088,1,0,0,0,1,1,300,300,200,0,0,300,134,8.27,2.6506,5.6194,8.27,0,27.566667,27.566667,1,0,22bfbae990ef2234
B1_LAYERS/FARM/10x10x5,B,B1_LAYERS,1,farm,10x10x5,10,5,10,500,ThisWork,heap,measured,1,1,816534088,1,0,0,0,1,1,300,300,200,0,0,300,134,3.7875,1.2984,2.4891,3.7875,0,12.625,12.625,1,0,ddf8828dd368baeb
B1_LAYERS/FARM/10x10x5,B,B1_LAYERS,1,farm,10x10x5,10,5,10,500,ThisWork,heap,measured,2,0,903964553,1,0,0,0,1,1,300,300,200,0,0,300,132,3.7955,1.2919,2.5036,3.7955,0,12.651667,12.651667,1,0,da66a036e08d17b6
B1_LAYERS/FARM/10x10x5,B,B1_LAYERS,1,farm,10x10x5,10,5,10,500,DeBroglie,matched,measured,2,1,903964553,1,0,0,0,1,1,300,300,200,0,0,300,139,8.1661,2.6278,5.5383,8.1661,0,27.220333,27.220333,1,0,acab1697636f1c5a
B2_LAYERS_BOUNDARY/FARM/10x10x5,B,B2_LAYERS_BOUNDARY,2,farm,10x10x5,10,5,10,500,ThisWork,heap,warmup,0,0,1931051739,1,0,0,0,1,1,264,264,200,36,0,132,66,3.1799,2.7529,0.427,3.1799,0,12.045076,12.045076,1,0,5f99b7e765b5bfab
B2_LAYERS_BOUNDARY/FARM/10x10x5,B,B2_LAYERS_BOUNDARY,2,farm,10x10x5,10,5,10,500,DeBroglie,matched,warmup,0,1,1931051739,1,0,0,0,1,1,264,264,200,36,0,132,88,7.3368,6.3833,0.9535,7.3368,0,27.790909,27.790909,1,0,72a07e2980eea9d7
B2_LAYERS_BOUNDARY/FARM/10x10x5,B,B2_LAYERS_BOUNDARY,2,farm,10x10x5,10,5,10,500,ThisWork,heap,measured,0,0,349573240,1,0,0,0,1,1,264,264,200,36,0,132,72,3.3552,2.8774,0.4778,3.3552,0,12.709091,12.709091,1,0,c9f3468e30ad83be
B2_LAYERS_BOUNDARY/FARM/10x10x5,B,B2_LAYERS_BOUNDARY,2,farm,10x10x5,10,5,10,500,DeBroglie,matched,measured,0,1,349573240,1,0,0,0,1,1,264,264,200,36,0,132,83,7.5449,6.5354,1.0095,7.5449,0,28.579167,28.579167,1,0,63ab0880ddb63ce4
B2_LAYERS_BOUNDARY/FARM/10x10x5,B,B2_LAYERS_BOUNDARY,2,farm,10x10x5,10,5,10,500,DeBroglie,matched,measured,1,0,816534088,1,0,0,0,1,1,264,264,200,36,0,132,83,7.1959,6.2875,0.9084,7.1959,0,27.257197,27.257197,1,0,259079257216735f
B2_LAYERS_BOUNDARY/FARM/10x10x5,B,B2_LAYERS_BOUNDARY,2,farm,10x10x5,10,5,10,500,ThisWork,heap,measured,1,1,816534088,1,0,0,0,1,1,264,264,200,36,0,132,69,3.025,2.5881,0.4369,3.025,0,11.458333,11.458333,1,0,c514682f7a35773d
B2_LAYERS_BOUNDARY/FARM/10x10x5,B,B2_LAYERS_BOUNDARY,2,farm,10x10x5,10,5,10,500,ThisWork,heap,measured,2,0,903964553,1,0,0,0,1,1,264,264,200,36,0,132,57,3.1698,2.7065,0.4633,3.1698,0,12.006818,12.006818,1,0,bc089bd399acc5cb
B2_LAYERS_BOUNDARY/FARM/10x10x5,B,B2_LAYERS_BOUNDARY,2,farm,10x10x5,10,5,10,500,DeBroglie,matched,measured,2,1,903964553,1,0,0,0,1,1,264,264,200,36,0,132,68,7.3784,6.37,1.0084,7.3784,0,27.948485,27.948485,1,0,e7b2886dd7b1c2c4
B3_LAYERS_BOUNDARY_FIXED/FARM/10x10x5,B,B3_LAYERS_BOUNDARY_FIXED,3,farm,10x10x5,10,5,10,500,ThisWork,heap,warmup,0,0,1931051739,13,12,12,0,1,0,262,262,200,36,2,111,50,3.2964,3.0815,0.2149,3.0084,0.288,12.581679,11.482443,1,0,2ba3fa96ff4a8eb5
B3_LAYERS_BOUNDARY_FIXED/FARM/10x10x5,B,B3_LAYERS_BOUNDARY_FIXED,3,farm,10x10x5,10,5,10,500,DeBroglie,matched,warmup,0,1,1931051739,13,12,12,0,1,0,262,262,200,36,2,111,59,17.0012,16.5945,0.4067,7.2275,9.7737,64.890076,27.585878,1,0,ffc3c6a57b6ffcbb
B3_LAYERS_BOUNDARY_FIXED/FARM/10x10x5,B,B3_LAYERS_BOUNDARY_FIXED,3,farm,10x10x5,10,5,10,500,ThisWork,heap,measured,0,0,349573240,2,1,1,0,1,0,262,262,200,36,2,119,45,3.3161,3.1125,0.2036,3.1634,0.1527,12.65687,12.074046,1,0,9a1b06baa6d30e44
B3_LAYERS_BOUNDARY_FIXED/FARM/10x10x5,B,B3_LAYERS_BOUNDARY_FIXED,3,farm,10x10x5,10,5,10,500,DeBroglie,matched,measured,0,1,349573240,2,1,1,0,1,0,262,262,200,36,2,119,58,12.744,12.2697,0.4743,7.4244,5.3196,48.641221,28.337405,1,0,2fc9294b32775a93
B3_LAYERS_BOUNDARY_FIXED/FARM/10x10x5,B,B3_LAYERS_BOUNDARY_FIXED,3,farm,10x10x5,10,5,10,500,DeBroglie,matched,measured,1,0,816534088,7,6,6,0,1,0,262,262,200,36,2,118,71,14.0814,13.5454,0.536,7.3565,6.7249,53.745802,28.078244,1,0,c0c35fd49f5a6546
B3_LAYERS_BOUNDARY_FIXED/FARM/10x10x5,B,B3_LAYERS_BOUNDARY_FIXED,3,farm,10x10x5,10,5,10,500,ThisWork,heap,measured,1,1,816534088,7,6,6,0,1,0,262,262,200,36,2,118,55,3.3369,3.0918,0.2451,3.0223,0.3146,12.73626,11.535496,1,0,7d57e03ba779607e
B3_LAYERS_BOUNDARY_FIXED/FARM/10x10x5,B,B3_LAYERS_BOUNDARY_FIXED,3,farm,10x10x5,10,5,10,500,ThisWork,heap,measured,2,0,903964553,15,14,14,0,1,0,262,262,200,36,2,118,59,3.8156,3.5273,0.2883,3.0364,0.7792,14.563359,11.589313,1,0,e40623bf625739a0
B3_LAYERS_BOUNDARY_FIXED/FARM/10x10x5,B,B3_LAYERS_BOUNDARY_FIXED,3,farm,10x10x5,10,5,10,500,DeBroglie,matched,measured,2,1,903964553,15,14,14,0,1,0,262,262,200,36,2,118,60,26.4098,25.8464,0.5634,7.5216,18.8882,100.800763,28.708397,1,0,686a17499cbb58c6
B4_LAYERS_BOUNDARY_FIXED_NEGATIVE/FARM/10x10x5,B,B4_LAYERS_BOUNDARY_FIXED_NEGATIVE,4,farm,10x10x5,10,5,10,500,ThisWork,heap,warmup,0,0,1931051739,13,12,12,0,1,0,262,262,200,36,2,111,50,3.3702,3.1838,0.1864,3.0864,0.2838,12.863359,11.780153,1,0,2ba3fa96ff4a8eb5
B4_LAYERS_BOUNDARY_FIXED_NEGATIVE/FARM/10x10x5,B,B4_LAYERS_BOUNDARY_FIXED_NEGATIVE,4,farm,10x10x5,10,5,10,500,DeBroglie,matched,warmup,0,1,1931051739,13,12,12,0,1,0,262,262,200,36,2,111,54,17.4706,17.0992,0.3714,7.1698,10.3008,66.681679,27.365649,1,0,7481e740a2219b54
B4_LAYERS_BOUNDARY_FIXED_NEGATIVE/FARM/10x10x5,B,B4_LAYERS_BOUNDARY_FIXED_NEGATIVE,4,farm,10x10x5,10,5,10,500,ThisWork,heap,measured,0,0,349573240,2,1,1,0,1,0,262,262,200,36,2,119,46,3.1151,2.9172,0.1979,2.9574,0.1577,11.889695,11.287786,1,0,8cc6419457669cc6
B4_LAYERS_BOUNDARY_FIXED_NEGATIVE/FARM/10x10x5,B,B4_LAYERS_BOUNDARY_FIXED_NEGATIVE,4,farm,10x10x5,10,5,10,500,DeBroglie,matched,measured,0,1,349573240,2,1,1,0,1,0,262,262,200,36,2,119,58,13.3059,12.8495,0.4564,7.4452,5.8607,50.785878,28.416794,1,0,2fc9294b32775a93
B4_LAYERS_BOUNDARY_FIXED_NEGATIVE/FARM/10x10x5,B,B4_LAYERS_BOUNDARY_FIXED_NEGATIVE,4,farm,10x10x5,10,5,10,500,DeBroglie,matched,measured,1,0,816534088,7,6,6,0,1,0,262,262,200,36,2,118,71,14.4495,13.8102,0.6393,7.5695,6.88,55.150763,28.891221,1,0,c0c35fd49f5a6546
B4_LAYERS_BOUNDARY_FIXED_NEGATIVE/FARM/10x10x5,B,B4_LAYERS_BOUNDARY_FIXED_NEGATIVE,4,farm,10x10x5,10,5,10,500,ThisWork,heap,measured,1,1,816534088,7,6,6,0,1,0,262,262,200,36,2,118,55,3.1539,2.9259,0.228,2.9191,0.2348,12.037786,11.141603,1,0,af32c55ed171f71b
B4_LAYERS_BOUNDARY_FIXED_NEGATIVE/FARM/10x10x5,B,B4_LAYERS_BOUNDARY_FIXED_NEGATIVE,4,farm,10x10x5,10,5,10,500,ThisWork,heap,measured,2,0,903964553,15,14,14,0,1,0,262,262,200,36,2,118,52,3.6399,3.3743,0.2656,2.9644,0.6755,13.892748,11.314504,1,0,e53c2f44d8479ae2
B4_LAYERS_BOUNDARY_FIXED_NEGATIVE/FARM/10x10x5,B,B4_LAYERS_BOUNDARY_FIXED_NEGATIVE,4,farm,10x10x5,10,5,10,500,DeBroglie,matched,measured,2,1,903964553,15,14,14,0,1,0,262,262,200,36,2,118,55,26.0428,25.5214,0.5214,7.1705,18.8723,99.4,27.368321,1,0,005cf24e616b79d8
