config_id;benchmark;level_id;level_order;runtime_config_id;tileset;size_label;dim_x;dim_y;dim_z;total_cells;solver;solver_variant;n_maps;attempts_total;attempts_mean;attempt_success_rate;all_solutions_valid;free_cells_mean;playable_free_cells_mean;js_global_mean;js_global_sd;js_global_ci95_lo;js_global_ci95_hi;js_conditional_mean;js_conditional_sd;js_conditional_ci95_lo;js_conditional_ci95_hi;entropy_mean;entropy_sd;entropy_ci95_lo;entropy_ci95_hi;entropy_quadrant_mean_mean;entropy_quadrant_var_mean;diversity_mean;diversity_sd;diversity_pairs;compared_cells_mean;types_present_mean;cond_support_types_mean;cond_impossible_types_mean;undecided_cells_mean;diversity_undecided_mean;diversity_undecided_sd;compared_undecided_cells_mean;diversity_undecided_type_mean;diversity_undecided_type_sd
Q_UNRESTRICTED/NATURE/10x10x5;Q-NEUTRAL;Q_UNRESTRICTED;0;A_UNRESTRICTED/NATURE/10x10x5;nature;10x10x5;10;5;10;500;ThisWork;heap;50;50;1;1;1;500;171,38;0,400598;0,076798;0,378772;0,422424;0,400598;0,076798;0,378772;0,422424;2,009568;0,208055;1,95044;2,068696;1,841941;0,046981;0,593765;0,084961;1225;500;13,32;22;0;500;0,593765;0,084961;500;0,574315;0,090447
Q_UNRESTRICTED/NATURE/10x10x5;Q-NEUTRAL;Q_UNRESTRICTED;0;A_UNRESTRICTED/NATURE/10x10x5;nature;10x10x5;10;5;10;500;Gumin;simple-tiled-3d;50;51;1,02;0,980392;1;500;171,22;0,39745;0,08203;0,374137;0,420763;0,39745;0,08203;0,374137;0,420763;2,012238;0,208442;1,953;2,071477;1,829771;0,049596;0,597321;0,087443;1225;500;12,82;22;0;500;0,597321;0,087443;500;0,578033;0,091888
Q_UNRESTRICTED/NATURE/10x10x5;Q-NEUTRAL;Q_UNRESTRICTED;0;A_UNRESTRICTED/NATURE/10x10x5;nature;10x10x5;10;5;10;500;DeBroglie;matched;50;51;1,02;0,980392;1;500;172,58;0,407717;0,072298;0,387171;0,428264;0,407717;0,072298;0,387171;0,428264;1,978551;0,178578;1,927799;2,029302;1,816991;0,05344;0,58958;0,085212;1225;500;12,7;22;0;500;0,58958;0,085212;500;0,56935;0,091202
Q_UNRESTRICTED/NATURE/20x20x5;Q-NEUTRAL;Q_UNRESTRICTED;0;A_UNRESTRICTED/NATURE/20x20x5;nature;20x20x5;20;5;20;2000;ThisWork;heap;50;50;1;1;1;2000;718,4;0,442137;0,045124;0,429313;0,454962;0,442137;0,045124;0,429313;0,454962;1,94246;0,119352;1,90854;1,976379;1,88743;0,017102;0,558413;0,03844;1225;2000;15,76;22;0;2000;0,558413;0,03844;2000;0,530404;0,04112
Q_UNRESTRICTED/NATURE/20x20x5;Q-NEUTRAL;Q_UNRESTRICTED;0;A_UNRESTRICTED/NATURE/20x20x5;nature;20x20x5;20;5;20;2000;Gumin;simple-tiled-3d;50;52;1,04;0,961538;1;2000;717,8;0,439918;0,047093;0,426535;0,453302;0,439918;0,047093;0,426535;0,453302;1,947618;0,115298;1,914851;1,980386;1,890761;0,01973;0,558742;0,040161;1225;2000;16,32;22;0;2000;0,558742;0,040161;2000;0,530588;0,04293
Q_UNRESTRICTED/NATURE/20x20x5;Q-NEUTRAL;Q_UNRESTRICTED;0;A_UNRESTRICTED/NATURE/20x20x5;nature;20x20x5;20;5;20;2000;DeBroglie;matched;50;50;1;1;1;2000;713,52;0,430099;0,047192;0,416687;0,443511;0,430099;0,047192;0,416687;0,443511;1,964782;0,115572;1,931937;1,997627;1,902329;0,021257;0,563689;0,048673;1225;2000;16,22;22;0;2000;0,563689;0,048673;2000;0,53641;0,053111
Q_UNRESTRICTED/NATURE/30x30x5;Q-NEUTRAL;Q_UNRESTRICTED;0;A_UNRESTRICTED/NATURE/30x30x5;nature;30x30x5;30;5;30;4500;ThisWork;heap;50;50;1;1;1;4500;1619,2;0,439463;0,042308;0,42744;0,451487;0,439463;0,042308;0,42744;0,451487;1,959893;0,103141;1,930581;1,989206;1,925372;0,01166;0,561011;0,035713;1225;4500;18,26;22;0;4500;0,561011;0,035713;4500;0,53231;0,039668
Q_UNRESTRICTED/NATURE/30x30x5;Q-NEUTRAL;Q_UNRESTRICTED;0;A_UNRESTRICTED/NATURE/30x30x5;nature;30x30x5;30;5;30;4500;Gumin;simple-tiled-3d;50;52;1,04;0,961538;1;4500;1620,22;0,441255;0,039169;0,430123;0,452387;0,441255;0,039169;0,430123;0,452387;1,950531;0,097205;1,922905;1,978156;1,914468;0,013215;0,559673;0,035127;1225;4500;18,1;22;0;4500;0,559673;0,035127;4500;0,530363;0,038418
Q_UNRESTRICTED/NATURE/30x30x5;Q-NEUTRAL;Q_UNRESTRICTED;0;A_UNRESTRICTED/NATURE/30x30x5;nature;30x30x5;30;5;30;4500;DeBroglie;matched;50;52;1,04;0,961538;1;4500;1636,7;0,453599;0,035372;0,443547;0,463652;0,453599;0,035372;0,443547;0,463652;1,919807;0,077653;1,897738;1,941875;1,889887;0,009527;0,552586;0,028427;1225;4500;17,62;22;0;4500;0,552586;0,028427;4500;0,522044;0,030747
Q_UNRESTRICTED/DESERT/10x10x5;Q-NEUTRAL;Q_UNRESTRICTED;0;A_UNRESTRICTED/DESERT/10x10x5;desert;10x10x5;10;5;10;500;ThisWork;heap;50;50;1;1;1;500;187,9;0,14887;0,020394;0,143074;0,154666;0,14887;0,020394;0,143074;0,154666;1,887536;0,068226;1,868146;1,906926;1,813503;0,007536;0,608224;0,068455;1225;500;8,04;10;0;500;0,608224;0,068455;500;0,583642;0,074811
Q_UNRESTRICTED/DESERT/10x10x5;Q-NEUTRAL;Q_UNRESTRICTED;0;A_UNRESTRICTED/DESERT/10x10x5;desert;10x10x5;10;5;10;500;Gumin;simple-tiled-3d;50;50;1;1;1;500;187,44;0,147632;0,024075;0,14079;0,154474;0,147632;0,024075;0,14079;0,154474;1,89072;0,082891;1,867163;1,914277;1,813922;0,01211;0,612269;0,069336;1225;500;8,1;10;0;500;0,612269;0,069336;500;0,58849;0,074987
Q_UNRESTRICTED/DESERT/10x10x5;Q-NEUTRAL;Q_UNRESTRICTED;0;A_UNRESTRICTED/DESERT/10x10x5;desert;10x10x5;10;5;10;500;DeBroglie;matched;50;50;1;1;1;500;190,48;0,147161;0,020174;0,141428;0,152894;0,147161;0,020174;0,141428;0,152894;1,886243;0,08025;1,863436;1,90905;1,821859;0,006051;0,586795;0,056004;1225;500;7,96;10;0;500;0,586795;0,056004;500;0,559313;0,060216
Q_UNRESTRICTED/DESERT/20x20x5;Q-NEUTRAL;Q_UNRESTRICTED;0;A_UNRESTRICTED/DESERT/20x20x5;desert;20x20x5;20;5;20;2000;ThisWork;heap;50;50;1;1;1;2000;764,8;0,142868;0,01223;0,139392;0,146344;0,142868;0,01223;0,139392;0,146344;1,903433;0,049992;1,889225;1,917641;1,883283;0,003187;0,584122;0,030714;1225;2000;8,2;10;0;2000;0,584122;0,030714;2000;0,554068;0,034034
Q_UNRESTRICTED/DESERT/20x20x5;Q-NEUTRAL;Q_UNRESTRICTED;0;A_UNRESTRICTED/DESERT/20x20x5;desert;20x20x5;20;5;20;2000;Gumin;simple-tiled-3d;50;50;1;1;1;2000;763,62;0,140835;0,011029;0,137701;0,143969;0,140835;0,011029;0,137701;0,143969;1,908196;0,046433;1,895;1,921392;1,889124;0,002117;0,5835;0,029878;1225;2000;8,2;10;0;2000;0,5835;0,029878;2000;0,553524;0,032548
Q_UNRESTRICTED/DESERT/20x20x5;Q-NEUTRAL;Q_UNRESTRICTED;0;A_UNRESTRICTED/DESERT/20x20x5;desert;20x20x5;20;5;20;2000;DeBroglie;matched;50;50;1;1;1;2000;771,64;0,144905;0,007446;0,142789;0,147021;0,144905;0,007446;0,142789;0,147021;1,889811;0,020924;1,883864;1,895757;1,876898;0,001549;0,583116;0,026838;1225;2000;8;10;0;2000;0,583116;0,026838;2000;0,551594;0,029122
Q_UNRESTRICTED/DESERT/30x30x5;Q-NEUTRAL;Q_UNRESTRICTED;0;A_UNRESTRICTED/DESERT/30x30x5;desert;30x30x5;30;5;30;4500;ThisWork;heap;50;50;1;1;1;4500;1723,62;0,139988;0,010159;0,137101;0,142875;0,139988;0,010159;0,137101;0,142875;1,913661;0,045404;1,900758;1,926565;1,904557;0,001413;0,576855;0,017866;1225;4500;8,28;10;0;4500;0,576855;0,017866;4500;0,546169;0,018764
Q_UNRESTRICTED/DESERT/30x30x5;Q-NEUTRAL;Q_UNRESTRICTED;0;A_UNRESTRICTED/DESERT/30x30x5;desert;30x30x5;30;5;30;4500;Gumin;simple-tiled-3d;50;51;1,02;0,980392;1;4500;1727,9;0,142991;0,009302;0,140347;0,145635;0,142991;0,009302;0,140347;0,145635;1,904651;0,041868;1,892752;1,916549;1,896879;0,001229;0,578483;0,018167;1225;4500;8,24;10;0;4500;0,578483;0,018167;4500;0,547146;0,019268
Q_UNRESTRICTED/DESERT/30x30x5;Q-NEUTRAL;Q_UNRESTRICTED;0;A_UNRESTRICTED/DESERT/30x30x5;desert;30x30x5;30;5;30;4500;DeBroglie;matched;50;50;1;1;1;4500;1727,94;0,14293;0,00777;0,140722;0,145138;0,14293;0,00777;0,140722;0,145138;1,902479;0,033492;1,892961;1,911998;1,895188;0,000899;0,583187;0,019583;1225;4500;8,16;10;0;4500;0,583187;0,019583;4500;0,552293;0,021673
Q_UNRESTRICTED/FARM/10x10x5;Q-NEUTRAL;Q_UNRESTRICTED;0;A_UNRESTRICTED/FARM/10x10x5;farm;10x10x5;10;5;10;500;ThisWork;heap;50;50;1;1;1;500;155;0,277863;0,065064;0,259372;0,296354;0,277863;0,065064;0,259372;0,296354;2,375339;0,283157;2,294867;2,455812;1,985457;0,066904;0,58066;0,151807;1225;500;17,6;25;0;500;0,58066;0,151807;500;0,576109;0,154522
Q_UNRESTRICTED/FARM/10x10x5;Q-NEUTRAL;Q_UNRESTRICTED;0;A_UNRESTRICTED/FARM/10x10x5;farm;10x10x5;10;5;10;500;Gumin;simple-tiled-3d;50;51;1,02;0,980392;1;500;154,4;0,270887;0,064731;0,252491;0,289283;0,270887;0,064731;0,252491;0,289283;2,445893;0,190226;2,391831;2,499955;2,00199;0,11485;0,559561;0,144014;1225;500;17,92;25;0;500;0,559561;0,144014;500;0,554679;0,146825
Q_UNRESTRICTED/FARM/10x10x5;Q-NEUTRAL;Q_UNRESTRICTED;0;A_UNRESTRICTED/FARM/10x10x5;farm;10x10x5;10;5;10;500;DeBroglie;matched;50;53;1,06;0,943396;1;500;157,06;0,27439;0,067231;0,255283;0,293497;0,27439;0,067231;0,255283;0,293497;2,438756;0,184426;2,386343;2,49117;2,037376;0,061725;0,558957;0,126848;1225;500;17,72;25;0;500;0,558957;0,126848;500;0,553886;0,129418
Q_UNRESTRICTED/FARM/20x20x5;Q-NEUTRAL;Q_UNRESTRICTED;0;A_UNRESTRICTED/FARM/20x20x5;farm;20x20x5;20;5;20;2000;ThisWork;heap;50;57;1,14;0,877193;1;2000;618,34;0,226568;0,044753;0,21385;0,239287;0,226568;0,044753;0,21385;0,239287;2,578857;0,082336;2,555458;2,602257;2,408568;0,031325;0,502435;0,112148;1225;2000;21,26;25;0;2000;0,502435;0,112148;2000;0,496422;0,11481
Q_UNRESTRICTED/FARM/20x20x5;Q-NEUTRAL;Q_UNRESTRICTED;0;A_UNRESTRICTED/FARM/20x20x5;farm;20x20x5;20;5;20;2000;Gumin;simple-tiled-3d;50;52;1,04;0,961538;1;2000;610,92;0,220003;0,049022;0,206071;0,233935;0,220003;0,049022;0,206071;0,233935;2,569571;0,110664;2,538121;2,601021;2,408672;0,022429;0,496921;0,120962;1225;2000;21,58;25;0;2000;0,496921;0,120962;2000;0,491244;0,124025
Q_UNRESTRICTED/FARM/20x20x5;Q-NEUTRAL;Q_UNRESTRICTED;0;A_UNRESTRICTED/FARM/20x20x5;farm;20x20x5;20;5;20;2000;DeBroglie;matched;50;56;1,12;0,892857;1;2000;625,8;0,222519;0,052016;0,207736;0,237301;0,222519;0,052016;0,207736;0,237301;2,596605;0,085073;2,572428;2,620783;2,436884;0,022525;0,513509;0,121299;1225;2000;21,48;25;0;2000;0,513509;0,121299;2000;0,507617;0,124256
Q_UNRESTRICTED/FARM/30x30x5;Q-NEUTRAL;Q_UNRESTRICTED;0;A_UNRESTRICTED/FARM/30x30x5;farm;30x30x5;30;5;30;4500;ThisWork;heap;50;61;1,22;0,819672;1;4500;1389,2;0,217926;0,048003;0,204284;0,231569;0,217926;0,048003;0,204284;0,231569;2,600658;0,069124;2,581013;2,620303;2,519278;0,008485;0,491161;0,110064;1225;4500;22,14;25;0;4500;0,491161;0,110064;4500;0,485058;0,112887
Q_UNRESTRICTED/FARM/30x30x5;Q-NEUTRAL;Q_UNRESTRICTED;0;A_UNRESTRICTED/FARM/30x30x5;farm;30x30x5;30;5;30;4500;Gumin;simple-tiled-3d;50;61;1,22;0,819672;1;4500;1429,6;0,233081;0,045377;0,220185;0,245977;0,233081;0,045377;0,220185;0,245977;2,589369;0,077112;2,567455;2,611284;2,513682;0,011462;0,514891;0,104885;1225;4500;22,26;25;0;4500;0,514891;0,104885;4500;0,50848;0,107781
Q_UNRESTRICTED/FARM/30x30x5;Q-NEUTRAL;Q_UNRESTRICTED;0;A_UNRESTRICTED/FARM/30x30x5;farm;30x30x5;30;5;30;4500;DeBroglie;matched;50;60;1,2;0,833333;1;4500;1365,76;0,205649;0,039095;0,194538;0,216759;0,205649;0,039095;0,194538;0,216759;2,587686;0,072595;2,567055;2,608317;2,510164;0,010965;0,460818;0,110513;1225;4500;22,16;25;0;4500;0,460818;0,110513;4500;0,453838;0,113955
