tileset;negative_rules;tile_id;tile_name;tile_type;base_tile;rotation_deg;probability;sampling_weight;in_domain;infrastructure;playable_type
nature;0;0;base;grass;base;0;100;100;1;0;grass
nature;0;1;base_pines;pines;base_pines;0;1;1;1;0;pines
nature;0;2;beach;beach;beach;0;20;20;1;0;beach
nature;0;3;beach_cornerExt;beach_cornerExt;beach_cornerExt;0;20;20;1;0;beach_cornerExt
nature;0;4;beach_grassEnd_L;beach_grassEnd_L;beach_grassEnd_L;0;5;5;1;0;beach_grassEnd_L
nature;0;5;beach_grassEnd_R;beach_grassEnd_R;beach_grassEnd_R;0;5;5;1;0;beach_grassEnd_R
nature;0;6;borderGrass;border;borderGrass;0;1;1;1;0;border
nature;0;7;campfire;campfire;campfire;0;6;6;1;0;campfire
nature;0;8;cornerExt_border;cornerExtBorder;cornerExt_border;0;1;1;1;0;cornerExtBorder
nature;0;9;cornerExterior;corner;cornerExterior;0;1;1;1;0;corner
nature;0;10;cornerInt_border;cornerIntBorder;cornerInt_border;0;1;1;1;0;cornerIntBorder
nature;0;11;cornerInterior;cornerInterior;cornerInterior;0;1;1;1;0;cornerInterior
nature;0;12;EMPTY;empty;EMPTY;0;10;10;1;1;
nature;0;13;grass_end;grass_end;grass_end;0;20;20;1;0;grass_end
nature;0;14;grass_end_cornerExt;grass_end_ExtCorner;grass_end_cornerExt;0;20;20;1;0;grass_end_ExtCorner
nature;0;15;LIMIT;limit;LIMIT;0;0;;0;1;
nature;0;16;path;path;path;0;10;10;1;0;path
nature;0;17;pathCorner;path_corner;pathCorner;0;10;10;1;0;path_corner
nature;0;18;pathEnd;path_end;pathEnd;0;5;5;1;0;path_end
nature;0;19;pine;pine;pine;0;1;1;1;0;pine
nature;0;20;pineAutumn;pineAutumn;pineAutumn;0;5;5;1;0;pineAutumn
nature;0;21;SOLID;solid;SOLID;0;1;1;1;1;
nature;0;22;wall;wall;wall;0;5;5;1;0;wall
nature;0;23;pueblo;pueblo;pueblo;0;1;1;1;0;pueblo
nature;0;24;aserradero;aserradero;aserradero;0;1;1;1;0;aserradero
nature;0;25;base_pines_RotateRight;pines;base_pines;90;1;1;1;0;pines
nature;0;26;base_pines_Rotate180;pines;base_pines;180;1;1;1;0;pines
nature;0;27;base_pines_RotateLeft;pines;base_pines;270;1;1;1;0;pines
nature;0;28;beach_RotateRight;beach;beach;90;20;20;1;0;beach
nature;0;29;beach_Rotate180;beach;beach;180;20;20;1;0;beach
nature;0;30;beach_RotateLeft;beach;beach;270;20;20;1;0;beach
nature;0;31;beach_cornerExt_RotateRight;beach_cornerExt;beach_cornerExt;90;20;20;1;0;beach_cornerExt
nature;0;32;beach_cornerExt_Rotate180;beach_cornerExt;beach_cornerExt;180;20;20;1;0;beach_cornerExt
nature;0;33;beach_cornerExt_RotateLeft;beach_cornerExt;beach_cornerExt;270;20;20;1;0;beach_cornerExt
nature;0;34;beach_grassEnd_L_RotateRight;beach_grassEnd_L;beach_grassEnd_L;90;5;5;1;0;beach_grassEnd_L
nature;0;35;beach_grassEnd_L_Rotate180;beach_grassEnd_L;beach_grassEnd_L;180;5;5;1;0;beach_grassEnd_L
nature;0;36;beach_grassEnd_L_RotateLeft;beach_grassEnd_L;beach_grassEnd_L;270;5;5;1;0;beach_grassEnd_L
nature;0;37;beach_grassEnd_R_RotateRight;beach_grassEnd_R;beach_grassEnd_R;90;5;5;1;0;beach_grassEnd_R
nature;0;38;beach_grassEnd_R_Rotate180;beach_grassEnd_R;beach_grassEnd_R;180;5;5;1;0;beach_grassEnd_R
nature;0;39;beach_grassEnd_R_RotateLeft;beach_grassEnd_R;beach_grassEnd_R;270;5;5;1;0;beach_grassEnd_R
nature;0;40;borderGrass_RotateRight;border;borderGrass;90;1;1;1;0;border
nature;0;41;borderGrass_Rotate180;border;borderGrass;180;1;1;1;0;border
nature;0;42;borderGrass_RotateLeft;border;borderGrass;270;1;1;1;0;border
nature;0;43;cornerExt_border_RotateRight;cornerExtBorder;cornerExt_border;90;1;1;1;0;cornerExtBorder
nature;0;44;cornerExt_border_Rotate180;cornerExtBorder;cornerExt_border;180;1;1;1;0;cornerExtBorder
nature;0;45;cornerExt_border_RotateLeft;cornerExtBorder;cornerExt_border;270;1;1;1;0;cornerExtBorder
nature;0;46;cornerExterior_RotateRight;corner;cornerExterior;90;1;1;1;0;corner
nature;0;47;cornerExterior_Rotate180;corner;cornerExterior;180;1;1;1;0;corner
nature;0;48;cornerExterior_RotateLeft;corner;cornerExterior;270;1;1;1;0;corner
nature;0;49;cornerInt_border_RotateRight;cornerIntBorder;cornerInt_border;90;1;1;1;0;cornerIntBorder
nature;0;50;cornerInt_border_Rotate180;cornerIntBorder;cornerInt_border;180;1;1;1;0;cornerIntBorder
nature;0;51;cornerInt_border_RotateLeft;cornerIntBorder;cornerInt_border;270;1;1;1;0;cornerIntBorder
nature;0;52;cornerInterior_RotateRight;cornerInterior;cornerInterior;90;1;1;1;0;cornerInterior
nature;0;53;cornerInterior_Rotate180;cornerInterior;cornerInterior;180;1;1;1;0;cornerInterior
nature;0;54;cornerInterior_RotateLeft;cornerInterior;cornerInterior;270;1;1;1;0;cornerInterior
nature;0;55;grass_end_RotateRight;grass_end;grass_end;90;20;20;1;0;grass_end
nature;0;56;grass_end_Rotate180;grass_end;grass_end;180;20;20;1;0;grass_end
nature;0;57;grass_end_RotateLeft;grass_end;grass_end;270;20;20;1;0;grass_end
nature;0;58;grass_end_cornerExt_RotateRight;grass_end_ExtCorner;grass_end_cornerExt;90;20;20;1;0;grass_end_ExtCorner
nature;0;59;grass_end_cornerExt_Rotate180;grass_end_ExtCorner;grass_end_cornerExt;180;20;20;1;0;grass_end_ExtCorner
nature;0;60;grass_end_cornerExt_RotateLeft;grass_end_ExtCorner;grass_end_cornerExt;270;20;20;1;0;grass_end_ExtCorner
nature;0;61;path_RotateRight;path;path;90;10;10;1;0;path
nature;0;62;pathCorner_RotateRight;path_corner;pathCorner;90;10;10;1;0;path_corner
nature;0;63;pathCorner_Rotate180;path_corner;pathCorner;180;10;10;1;0;path_corner
nature;0;64;pathCorner_RotateLeft;path_corner;pathCorner;270;10;10;1;0;path_corner
nature;0;65;pathEnd_RotateRight;path_end;pathEnd;90;5;5;1;0;path_end
nature;0;66;pathEnd_Rotate180;path_end;pathEnd;180;5;5;1;0;path_end
nature;0;67;pathEnd_RotateLeft;path_end;pathEnd;270;5;5;1;0;path_end
nature;0;68;wall_RotateRight;wall;wall;90;5;5;1;0;wall
nature;0;69;wall_Rotate180;wall;wall;180;5;5;1;0;wall
nature;0;70;wall_RotateLeft;wall;wall;270;5;5;1;0;wall
nature;0;71;pueblo_RotateRight;pueblo;pueblo;90;1;1;1;0;pueblo
nature;0;72;pueblo_Rotate180;pueblo;pueblo;180;1;1;1;0;pueblo
nature;0;73;pueblo_RotateLeft;pueblo;pueblo;270;1;1;1;0;pueblo
nature;0;74;aserradero_RotateRight;aserradero;aserradero;90;1;1;1;0;aserradero
nature;0;75;aserradero_Rotate180;aserradero;aserradero;180;1;1;1;0;aserradero
nature;0;76;aserradero_RotateLeft;aserradero;aserradero;270;1;1;1;0;aserradero
nature;1;0;base;grass;base;0;100;100;1;0;grass
nature;1;1;base_pines;pines;base_pines;0;1;1;1;0;pines
nature;1;2;beach;beach;beach;0;20;20;1;0;beach
nature;1;3;beach_cornerExt;beach_cornerExt;beach_cornerExt;0;20;20;1;0;beach_cornerExt
nature;1;4;beach_grassEnd_L;beach_grassEnd_L;beach_grassEnd_L;0;5;5;1;0;beach_grassEnd_L
nature;1;5;beach_grassEnd_R;beach_grassEnd_R;beach_grassEnd_R;0;5;5;1;0;beach_grassEnd_R
nature;1;6;borderGrass;border;borderGrass;0;1;1;1;0;border
nature;1;7;campfire;campfire;campfire;0;6;6;1;0;campfire
nature;1;8;cornerExt_border;cornerExtBorder;cornerExt_border;0;1;1;1;0;cornerExtBorder
nature;1;9;cornerExterior;corner;cornerExterior;0;1;1;1;0;corner
nature;1;10;cornerInt_border;cornerIntBorder;cornerInt_border;0;1;1;1;0;cornerIntBorder
nature;1;11;cornerInterior;cornerInterior;cornerInterior;0;1;1;1;0;cornerInterior
nature;1;12;EMPTY;empty;EMPTY;0;10;10;1;1;
nature;1;13;grass_end;grass_end;grass_end;0;20;20;1;0;grass_end
nature;1;14;grass_end_cornerExt;grass_end_ExtCorner;grass_end_cornerExt;0;20;20;1;0;grass_end_ExtCorner
nature;1;15;LIMIT;limit;LIMIT;0;0;;0;1;
nature;1;16;path;path;path;0;10;10;1;0;path
nature;1;17;pathCorner;path_corner;pathCorner;0;10;10;1;0;path_corner
nature;1;18;pathEnd;path_end;pathEnd;0;5;5;1;0;path_end
nature;1;19;pine;pine;pine;0;1;1;1;0;pine
nature;1;20;pineAutumn;pineAutumn;pineAutumn;0;5;5;1;0;pineAutumn
nature;1;21;SOLID;solid;SOLID;0;1;1;1;1;
nature;1;22;wall;wall;wall;0;5;5;1;0;wall
nature;1;23;pueblo;pueblo;pueblo;0;1;1;1;0;pueblo
nature;1;24;aserradero;aserradero;aserradero;0;1;1;1;0;aserradero
nature;1;25;base_pines_RotateRight;pines;base_pines;90;1;1;1;0;pines
nature;1;26;base_pines_Rotate180;pines;base_pines;180;1;1;1;0;pines
nature;1;27;base_pines_RotateLeft;pines;base_pines;270;1;1;1;0;pines
nature;1;28;beach_RotateRight;beach;beach;90;20;20;1;0;beach
nature;1;29;beach_Rotate180;beach;beach;180;20;20;1;0;beach
nature;1;30;beach_RotateLeft;beach;beach;270;20;20;1;0;beach
nature;1;31;beach_cornerExt_RotateRight;beach_cornerExt;beach_cornerExt;90;20;20;1;0;beach_cornerExt
nature;1;32;beach_cornerExt_Rotate180;beach_cornerExt;beach_cornerExt;180;20;20;1;0;beach_cornerExt
nature;1;33;beach_cornerExt_RotateLeft;beach_cornerExt;beach_cornerExt;270;20;20;1;0;beach_cornerExt
nature;1;34;beach_grassEnd_L_RotateRight;beach_grassEnd_L;beach_grassEnd_L;90;5;5;1;0;beach_grassEnd_L
nature;1;35;beach_grassEnd_L_Rotate180;beach_grassEnd_L;beach_grassEnd_L;180;5;5;1;0;beach_grassEnd_L
nature;1;36;beach_grassEnd_L_RotateLeft;beach_grassEnd_L;beach_grassEnd_L;270;5;5;1;0;beach_grassEnd_L
nature;1;37;beach_grassEnd_R_RotateRight;beach_grassEnd_R;beach_grassEnd_R;90;5;5;1;0;beach_grassEnd_R
nature;1;38;beach_grassEnd_R_Rotate180;beach_grassEnd_R;beach_grassEnd_R;180;5;5;1;0;beach_grassEnd_R
nature;1;39;beach_grassEnd_R_RotateLeft;beach_grassEnd_R;beach_grassEnd_R;270;5;5;1;0;beach_grassEnd_R
nature;1;40;borderGrass_RotateRight;border;borderGrass;90;1;1;1;0;border
nature;1;41;borderGrass_Rotate180;border;borderGrass;180;1;1;1;0;border
nature;1;42;borderGrass_RotateLeft;border;borderGrass;270;1;1;1;0;border
nature;1;43;cornerExt_border_RotateRight;cornerExtBorder;cornerExt_border;90;1;1;1;0;cornerExtBorder
nature;1;44;cornerExt_border_Rotate180;cornerExtBorder;cornerExt_border;180;1;1;1;0;cornerExtBorder
nature;1;45;cornerExt_border_RotateLeft;cornerExtBorder;cornerExt_border;270;1;1;1;0;cornerExtBorder
nature;1;46;cornerExterior_RotateRight;corner;cornerExterior;90;1;1;1;0;corner
nature;1;47;cornerExterior_Rotate180;corner;cornerExterior;180;1;1;1;0;corner
nature;1;48;cornerExterior_RotateLeft;corner;cornerExterior;270;1;1;1;0;corner
nature;1;49;cornerInt_border_RotateRight;cornerIntBorder;cornerInt_border;90;1;1;1;0;cornerIntBorder
nature;1;50;cornerInt_border_Rotate180;cornerIntBorder;cornerInt_border;180;1;1;1;0;cornerIntBorder
nature;1;51;cornerInt_border_RotateLeft;cornerIntBorder;cornerInt_border;270;1;1;1;0;cornerIntBorder
nature;1;52;cornerInterior_RotateRight;cornerInterior;cornerInterior;90;1;1;1;0;cornerInterior
nature;1;53;cornerInterior_Rotate180;cornerInterior;cornerInterior;180;1;1;1;0;cornerInterior
nature;1;54;cornerInterior_RotateLeft;cornerInterior;cornerInterior;270;1;1;1;0;cornerInterior
nature;1;55;grass_end_RotateRight;grass_end;grass_end;90;20;20;1;0;grass_end
nature;1;56;grass_end_Rotate180;grass_end;grass_end;180;20;20;1;0;grass_end
nature;1;57;grass_end_RotateLeft;grass_end;grass_end;270;20;20;1;0;grass_end
nature;1;58;grass_end_cornerExt_RotateRight;grass_end_ExtCorner;grass_end_cornerExt;90;20;20;1;0;grass_end_ExtCorner
nature;1;59;grass_end_cornerExt_Rotate180;grass_end_ExtCorner;grass_end_cornerExt;180;20;20;1;0;grass_end_ExtCorner
nature;1;60;grass_end_cornerExt_RotateLeft;grass_end_ExtCorner;grass_end_cornerExt;270;20;20;1;0;grass_end_ExtCorner
nature;1;61;path_RotateRight;path;path;90;10;10;1;0;path
nature;1;62;pathCorner_RotateRight;path_corner;pathCorner;90;10;10;1;0;path_corner
nature;1;63;pathCorner_Rotate180;path_corner;pathCorner;180;10;10;1;0;path_corner
nature;1;64;pathCorner_RotateLeft;path_corner;pathCorner;270;10;10;1;0;path_corner
nature;1;65;pathEnd_RotateRight;path_end;pathEnd;90;5;5;1;0;path_end
nature;1;66;pathEnd_Rotate180;path_end;pathEnd;180;5;5;1;0;path_end
nature;1;67;pathEnd_RotateLeft;path_end;pathEnd;270;5;5;1;0;path_end
nature;1;68;wall_RotateRight;wall;wall;90;5;5;1;0;wall
nature;1;69;wall_Rotate180;wall;wall;180;5;5;1;0;wall
nature;1;70;wall_RotateLeft;wall;wall;270;5;5;1;0;wall
nature;1;71;pueblo_RotateRight;pueblo;pueblo;90;1;1;1;0;pueblo
nature;1;72;pueblo_Rotate180;pueblo;pueblo;180;1;1;1;0;pueblo
nature;1;73;pueblo_RotateLeft;pueblo;pueblo;270;1;1;1;0;pueblo
nature;1;74;aserradero_RotateRight;aserradero;aserradero;90;1;1;1;0;aserradero
nature;1;75;aserradero_Rotate180;aserradero;aserradero;180;1;1;1;0;aserradero
nature;1;76;aserradero_RotateLeft;aserradero;aserradero;270;1;1;1;0;aserradero
desert;0;0;base_sand;sand;base_sand;0;10;10;1;0;sand
desert;0;1;borderSand;borderSand;borderSand;0;1;1;1;0;borderSand
desert;0;2;EMPTY;empty;EMPTY;0;10;10;1;1;
desert;0;3;cornerInt_wall_sand;cornerInt_wall_sand;cornerInt_wall_sand;0;5;5;1;0;cornerInt_wall_sand
desert;0;4;cornerInt_border_sand;cornerInt_border_sand;cornerInt_border_sand;0;1;1;1;0;cornerInt_border_sand
desert;0;5;cornerExt_wall_sand;cornerExt_wall_sand;cornerExt_wall_sand;0;3;3;1;0;cornerExt_wall_sand
desert;0;6;cornerExt_border_sand;cornerExt_border_sand;cornerExt_border_sand;0;1;1;1;0;cornerExt_border_sand
desert;0;7;LIMIT;limit;LIMIT;0;0;;0;1;
desert;0;8;sand_end;sand_end;sand_end;0;1;1;1;0;sand_end
desert;0;9;sand_palm;palm;sand_palm;0;15;15;1;0;palm
desert;0;10;sand_end_cornerExt;sand_end_extCorner;sand_end_cornerExt;0;1;1;1;0;sand_end_extCorner
desert;0;11;sand_wall;sand_wall;sand_wall;0;3;3;1;0;sand_wall
desert;0;12;SOLID;solid;SOLID;0;1;1;1;1;
desert;0;13;borderSand_RotateRight;borderSand;borderSand;90;1;1;1;0;borderSand
desert;0;14;borderSand_Rotate180;borderSand;borderSand;180;1;1;1;0;borderSand
desert;0;15;borderSand_RotateLeft;borderSand;borderSand;270;1;1;1;0;borderSand
desert;0;16;cornerInt_wall_sand_RotateRight;cornerInt_wall_sand;cornerInt_wall_sand;90;5;5;1;0;cornerInt_wall_sand
desert;0;17;cornerInt_wall_sand_Rotate180;cornerInt_wall_sand;cornerInt_wall_sand;180;5;5;1;0;cornerInt_wall_sand
desert;0;18;cornerInt_wall_sand_RotateLeft;cornerInt_wall_sand;cornerInt_wall_sand;270;5;5;1;0;cornerInt_wall_sand
desert;0;19;cornerInt_border_sand_RotateRight;cornerInt_border_sand;cornerInt_border_sand;90;1;1;1;0;cornerInt_border_sand
desert;0;20;cornerInt_border_sand_Rotate180;cornerInt_border_sand;cornerInt_border_sand;180;1;1;1;0;cornerInt_border_sand
desert;0;21;cornerInt_border_sand_RotateLeft;cornerInt_border_sand;cornerInt_border_sand;270;1;1;1;0;cornerInt_border_sand
desert;0;22;cornerExt_wall_sand_RotateRight;cornerExt_wall_sand;cornerExt_wall_sand;90;3;3;1;0;cornerExt_wall_sand
desert;0;23;cornerExt_wall_sand_Rotate180;cornerExt_wall_sand;cornerExt_wall_sand;180;3;3;1;0;cornerExt_wall_sand
desert;0;24;cornerExt_wall_sand_RotateLeft;cornerExt_wall_sand;cornerExt_wall_sand;270;3;3;1;0;cornerExt_wall_sand
desert;0;25;cornerExt_border_sand_RotateRight;cornerExt_border_sand;cornerExt_border_sand;90;1;1;1;0;cornerExt_border_sand
desert;0;26;cornerExt_border_sand_Rotate180;cornerExt_border_sand;cornerExt_border_sand;180;1;1;1;0;cornerExt_border_sand
desert;0;27;cornerExt_border_sand_RotateLeft;cornerExt_border_sand;cornerExt_border_sand;270;1;1;1;0;cornerExt_border_sand
desert;0;28;sand_end_RotateRight;sand_end;sand_end;90;1;1;1;0;sand_end
desert;0;29;sand_end_Rotate180;sand_end;sand_end;180;1;1;1;0;sand_end
desert;0;30;sand_end_RotateLeft;sand_end;sand_end;270;1;1;1;0;sand_end
desert;0;31;sand_end_cornerExt_RotateRight;sand_end_extCorner;sand_end_cornerExt;90;1;1;1;0;sand_end_extCorner
desert;0;32;sand_end_cornerExt_Rotate180;sand_end_extCorner;sand_end_cornerExt;180;1;1;1;0;sand_end_extCorner
desert;0;33;sand_end_cornerExt_RotateLeft;sand_end_extCorner;sand_end_cornerExt;270;1;1;1;0;sand_end_extCorner
desert;0;34;sand_wall_RotateRight;sand_wall;sand_wall;90;3;3;1;0;sand_wall
desert;0;35;sand_wall_Rotate180;sand_wall;sand_wall;180;3;3;1;0;sand_wall
desert;0;36;sand_wall_RotateLeft;sand_wall;sand_wall;270;3;3;1;0;sand_wall
desert;1;0;base_sand;sand;base_sand;0;10;10;1;0;sand
desert;1;1;borderSand;borderSand;borderSand;0;1;1;1;0;borderSand
desert;1;2;EMPTY;empty;EMPTY;0;10;10;1;1;
desert;1;3;cornerInt_wall_sand;cornerInt_wall_sand;cornerInt_wall_sand;0;5;5;1;0;cornerInt_wall_sand
desert;1;4;cornerInt_border_sand;cornerInt_border_sand;cornerInt_border_sand;0;1;1;1;0;cornerInt_border_sand
desert;1;5;cornerExt_wall_sand;cornerExt_wall_sand;cornerExt_wall_sand;0;3;3;1;0;cornerExt_wall_sand
desert;1;6;cornerExt_border_sand;cornerExt_border_sand;cornerExt_border_sand;0;1;1;1;0;cornerExt_border_sand
desert;1;7;LIMIT;limit;LIMIT;0;0;;0;1;
desert;1;8;sand_end;sand_end;sand_end;0;1;1;1;0;sand_end
desert;1;9;sand_palm;palm;sand_palm;0;15;15;1;0;palm
desert;1;10;sand_end_cornerExt;sand_end_extCorner;sand_end_cornerExt;0;1;1;1;0;sand_end_extCorner
desert;1;11;sand_wall;sand_wall;sand_wall;0;3;3;1;0;sand_wall
desert;1;12;SOLID;solid;SOLID;0;1;1;1;1;
desert;1;13;borderSand_RotateRight;borderSand;borderSand;90;1;1;1;0;borderSand
desert;1;14;borderSand_Rotate180;borderSand;borderSand;180;1;1;1;0;borderSand
desert;1;15;borderSand_RotateLeft;borderSand;borderSand;270;1;1;1;0;borderSand
desert;1;16;cornerInt_wall_sand_RotateRight;cornerInt_wall_sand;cornerInt_wall_sand;90;5;5;1;0;cornerInt_wall_sand
desert;1;17;cornerInt_wall_sand_Rotate180;cornerInt_wall_sand;cornerInt_wall_sand;180;5;5;1;0;cornerInt_wall_sand
desert;1;18;cornerInt_wall_sand_RotateLeft;cornerInt_wall_sand;cornerInt_wall_sand;270;5;5;1;0;cornerInt_wall_sand
desert;1;19;cornerInt_border_sand_RotateRight;cornerInt_border_sand;cornerInt_border_sand;90;1;1;1;0;cornerInt_border_sand
desert;1;20;cornerInt_border_sand_Rotate180;cornerInt_border_sand;cornerInt_border_sand;180;1;1;1;0;cornerInt_border_sand
desert;1;21;cornerInt_border_sand_RotateLeft;cornerInt_border_sand;cornerInt_border_sand;270;1;1;1;0;cornerInt_border_sand
desert;1;22;cornerExt_wall_sand_RotateRight;cornerExt_wall_sand;cornerExt_wall_sand;90;3;3;1;0;cornerExt_wall_sand
desert;1;23;cornerExt_wall_sand_Rotate180;cornerExt_wall_sand;cornerExt_wall_sand;180;3;3;1;0;cornerExt_wall_sand
desert;1;24;cornerExt_wall_sand_RotateLeft;cornerExt_wall_sand;cornerExt_wall_sand;270;3;3;1;0;cornerExt_wall_sand
desert;1;25;cornerExt_border_sand_RotateRight;cornerExt_border_sand;cornerExt_border_sand;90;1;1;1;0;cornerExt_border_sand
desert;1;26;cornerExt_border_sand_Rotate180;cornerExt_border_sand;cornerExt_border_sand;180;1;1;1;0;cornerExt_border_sand
desert;1;27;cornerExt_border_sand_RotateLeft;cornerExt_border_sand;cornerExt_border_sand;270;1;1;1;0;cornerExt_border_sand
desert;1;28;sand_end_RotateRight;sand_end;sand_end;90;1;1;1;0;sand_end
desert;1;29;sand_end_Rotate180;sand_end;sand_end;180;1;1;1;0;sand_end
desert;1;30;sand_end_RotateLeft;sand_end;sand_end;270;1;1;1;0;sand_end
desert;1;31;sand_end_cornerExt_RotateRight;sand_end_extCorner;sand_end_cornerExt;90;1;1;1;0;sand_end_extCorner
desert;1;32;sand_end_cornerExt_Rotate180;sand_end_extCorner;sand_end_cornerExt;180;1;1;1;0;sand_end_extCorner
desert;1;33;sand_end_cornerExt_RotateLeft;sand_end_extCorner;sand_end_cornerExt;270;1;1;1;0;sand_end_extCorner
desert;1;34;sand_wall_RotateRight;sand_wall;sand_wall;90;3;3;1;0;sand_wall
desert;1;35;sand_wall_Rotate180;sand_wall;sand_wall;180;3;3;1;0;sand_wall
desert;1;36;sand_wall_RotateLeft;sand_wall;sand_wall;270;3;3;1;0;sand_wall
farm;0;0;BaseWall;wall;BaseWall;0;5;5;1;0;wall
farm;0;1;BaseWallOuterCorner;wall_outerCorner;BaseWallOuterCorner;0;1;1;1;0;wall_outerCorner
farm;0;2;BaseWindow;wall_window;BaseWindow;0;5;5;1;0;wall_window
farm;0;3;EMPTY;empty;EMPTY;0;80;80;1;1;
farm;0;4;Grass;grass;Grass;0;100;100;1;0;grass
farm;0;5;LIMIT;limit;LIMIT;0;1;;0;1;
farm;0;6;RoofSide;roofSide;RoofSide;0;1;1;1;0;roofSide
farm;0;7;RoofSide_OuterCorner;roofSide_OuterCorner;RoofSide_OuterCorner;0;1;1;1;0;roofSide_OuterCorner
farm;0;8;RoofSide_OuterCorner_F;roofSide_OuterCorner_F;RoofSide_OuterCorner_F;0;1;1;1;0;roofSide_OuterCorner_F
farm;0;9;RoofTopExterior;roofTop_ext;RoofTopExterior;0;1;1;1;0;roofTop_ext
farm;0;10;RoofTopInterior;roofTop_int;RoofTopInterior;0;1;1;1;0;roofTop_int
farm;0;11;SOLID;solid;SOLID;0;1;1;1;1;
farm;0;12;WallRoofTop;WallRoof;WallRoofTop;0;1;1;1;0;WallRoof
farm;0;13;GrassInnerCorner;grass_innerCorner;GrassInnerCorner;0;20;20;1;0;grass_innerCorner
farm;0;14;GrassOuterCorner;grass_outerCorner;GrassOuterCorner;0;20;20;1;0;grass_outerCorner
farm;0;15;GrassSide;grass_side;GrassSide;0;20;20;1;0;grass_side
farm;0;16;Soil;sand;Soil;0;25;25;1;0;sand
farm;0;17;CliffCorner;cliff_corner;CliffCorner;0;1;1;1;0;cliff_corner
farm;0;18;CliffSide;cliff;CliffSide;0;1;1;1;0;cliff
farm;0;19;CliffTopCorner;cliff_corner_top;CliffTopCorner;0;1;1;1;0;cliff_corner_top
farm;0;20;CliffTopSide;cliff_border;CliffTopSide;0;1;1;1;0;cliff_border
farm;0;21;HayBale;hayBale;HayBale;0;5;5;1;0;hayBale
farm;0;22;SiloDown;siloBase;SiloDown;0;5;5;1;0;siloBase
farm;0;23;SiloMiddle;siloMiddle;SiloMiddle;0;1;1;1;0;siloMiddle
farm;0;24;SiloTop;siloTop;SiloTop;0;1;1;1;0;siloTop
farm;0;25;DoorSingle;wallDoor;DoorSingle;0;1;1;1;0;wallDoor
farm;0;26;Fence;fence;Fence;0;20;20;1;0;fence
farm;0;27;FenceCorner;fenceCorner;FenceCorner;0;5;5;1;0;fenceCorner
farm;0;28;BaseWall_RotateRight;wall;BaseWall;90;5;5;1;0;wall
farm;0;29;BaseWall_Rotate180;wall;BaseWall;180;5;5;1;0;wall
farm;0;30;BaseWall_RotateLeft;wall;BaseWall;270;5;5;1;0;wall
farm;0;31;BaseWallOuterCorner_RotateRight;wall_outerCorner;BaseWallOuterCorner;90;1;1;1;0;wall_outerCorner
farm;0;32;BaseWallOuterCorner_Rotate180;wall_outerCorner;BaseWallOuterCorner;180;1;1;1;0;wall_outerCorner
farm;0;33;BaseWallOuterCorner_RotateLeft;wall_outerCorner;BaseWallOuterCorner;270;1;1;1;0;wall_outerCorner
farm;0;34;BaseWindow_RotateRight;wall_window;BaseWindow;90;5;5;1;0;wall_window
farm;0;35;BaseWindow_Rotate180;wall_window;BaseWindow;180;5;5;1;0;wall_window
farm;0;36;BaseWindow_RotateLeft;wall_window;BaseWindow;270;5;5;1;0;wall_window
farm;0;37;RoofSide_RotateRight;roofSide;RoofSide;90;1;1;1;0;roofSide
farm;0;38;RoofSide_Rotate180;roofSide;RoofSide;180;1;1;1;0;roofSide
farm;0;39;RoofSide_RotateLeft;roofSide;RoofSide;270;1;1;1;0;roofSide
farm;0;40;RoofSide_OuterCorner_RotateRight;roofSide_OuterCorner;RoofSide_OuterCorner;90;1;1;1;0;roofSide_OuterCorner
farm;0;41;RoofSide_OuterCorner_Rotate180;roofSide_OuterCorner;RoofSide_OuterCorner;180;1;1;1;0;roofSide_OuterCorner
farm;0;42;RoofSide_OuterCorner_RotateLeft;roofSide_OuterCorner;RoofSide_OuterCorner;270;1;1;1;0;roofSide_OuterCorner
farm;0;43;RoofSide_OuterCorner_F_RotateRight;roofSide_OuterCorner_F;RoofSide_OuterCorner_F;90;1;1;1;0;roofSide_OuterCorner_F
farm;0;44;RoofSide_OuterCorner_F_Rotate180;roofSide_OuterCorner_F;RoofSide_OuterCorner_F;180;1;1;1;0;roofSide_OuterCorner_F
farm;0;45;RoofSide_OuterCorner_F_RotateLeft;roofSide_OuterCorner_F;RoofSide_OuterCorner_F;270;1;1;1;0;roofSide_OuterCorner_F
farm;0;46;RoofTopExterior_RotateRight;roofTop_ext;RoofTopExterior;90;1;1;1;0;roofTop_ext
farm;0;47;RoofTopExterior_Rotate180;roofTop_ext;RoofTopExterior;180;1;1;1;0;roofTop_ext
farm;0;48;RoofTopExterior_RotateLeft;roofTop_ext;RoofTopExterior;270;1;1;1;0;roofTop_ext
farm;0;49;RoofTopInterior_RotateRight;roofTop_int;RoofTopInterior;90;1;1;1;0;roofTop_int
farm;0;50;RoofTopInterior_Rotate180;roofTop_int;RoofTopInterior;180;1;1;1;0;roofTop_int
farm;0;51;RoofTopInterior_RotateLeft;roofTop_int;RoofTopInterior;270;1;1;1;0;roofTop_int
farm;0;52;WallRoofTop_RotateRight;WallRoof;WallRoofTop;90;1;1;1;0;WallRoof
farm;0;53;WallRoofTop_Rotate180;WallRoof;WallRoofTop;180;1;1;1;0;WallRoof
farm;0;54;WallRoofTop_RotateLeft;WallRoof;WallRoofTop;270;1;1;1;0;WallRoof
farm;0;55;GrassInnerCorner_RotateRight;grass_innerCorner;GrassInnerCorner;90;20;20;1;0;grass_innerCorner
farm;0;56;GrassInnerCorner_Rotate180;grass_innerCorner;GrassInnerCorner;180;20;20;1;0;grass_innerCorner
farm;0;57;GrassInnerCorner_RotateLeft;grass_innerCorner;GrassInnerCorner;270;20;20;1;0;grass_innerCorner
farm;0;58;GrassOuterCorner_RotateRight;grass_outerCorner;GrassOuterCorner;90;20;20;1;0;grass_outerCorner
farm;0;59;GrassOuterCorner_Rotate180;grass_outerCorner;GrassOuterCorner;180;20;20;1;0;grass_outerCorner
farm;0;60;GrassOuterCorner_RotateLeft;grass_outerCorner;GrassOuterCorner;270;20;20;1;0;grass_outerCorner
farm;0;61;GrassSide_RotateRight;grass_side;GrassSide;90;20;20;1;0;grass_side
farm;0;62;GrassSide_Rotate180;grass_side;GrassSide;180;20;20;1;0;grass_side
farm;0;63;GrassSide_RotateLeft;grass_side;GrassSide;270;20;20;1;0;grass_side
farm;0;64;CliffCorner_RotateRight;cliff_corner;CliffCorner;90;1;1;1;0;cliff_corner
farm;0;65;CliffCorner_Rotate180;cliff_corner;CliffCorner;180;1;1;1;0;cliff_corner
farm;0;66;CliffCorner_RotateLeft;cliff_corner;CliffCorner;270;1;1;1;0;cliff_corner
farm;0;67;CliffSide_RotateRight;cliff;CliffSide;90;1;1;1;0;cliff
farm;0;68;CliffSide_Rotate180;cliff;CliffSide;180;1;1;1;0;cliff
farm;0;69;CliffSide_RotateLeft;cliff;CliffSide;270;1;1;1;0;cliff
farm;0;70;CliffTopCorner_RotateRight;cliff_corner_top;CliffTopCorner;90;1;1;1;0;cliff_corner_top
farm;0;71;CliffTopCorner_Rotate180;cliff_corner_top;CliffTopCorner;180;1;1;1;0;cliff_corner_top
farm;0;72;CliffTopCorner_RotateLeft;cliff_corner_top;CliffTopCorner;270;1;1;1;0;cliff_corner_top
farm;0;73;CliffTopSide_RotateRight;cliff_border;CliffTopSide;90;1;1;1;0;cliff_border
farm;0;74;CliffTopSide_Rotate180;cliff_border;CliffTopSide;180;1;1;1;0;cliff_border
farm;0;75;CliffTopSide_RotateLeft;cliff_border;CliffTopSide;270;1;1;1;0;cliff_border
farm;0;76;HayBale_RotateRight;hayBale;HayBale;90;5;5;1;0;hayBale
farm;0;77;SiloDown_RotateRight;siloBase;SiloDown;90;5;5;1;0;siloBase
farm;0;78;SiloDown_Rotate180;siloBase;SiloDown;180;5;5;1;0;siloBase
farm;0;79;SiloDown_RotateLeft;siloBase;SiloDown;270;5;5;1;0;siloBase
farm;0;80;SiloMiddle_RotateRight;siloMiddle;SiloMiddle;90;1;1;1;0;siloMiddle
farm;0;81;SiloMiddle_Rotate180;siloMiddle;SiloMiddle;180;1;1;1;0;siloMiddle
farm;0;82;SiloMiddle_RotateLeft;siloMiddle;SiloMiddle;270;1;1;1;0;siloMiddle
farm;0;83;SiloTop_RotateRight;siloTop;SiloTop;90;1;1;1;0;siloTop
farm;0;84;SiloTop_Rotate180;siloTop;SiloTop;180;1;1;1;0;siloTop
farm;0;85;SiloTop_RotateLeft;siloTop;SiloTop;270;1;1;1;0;siloTop
farm;0;86;DoorSingle_RotateRight;wallDoor;DoorSingle;90;1;1;1;0;wallDoor
farm;0;87;DoorSingle_Rotate180;wallDoor;DoorSingle;180;1;1;1;0;wallDoor
farm;0;88;DoorSingle_RotateLeft;wallDoor;DoorSingle;270;1;1;1;0;wallDoor
farm;0;89;Fence_RotateRight;fence;Fence;90;20;20;1;0;fence
farm;0;90;Fence_Rotate180;fence;Fence;180;20;20;1;0;fence
farm;0;91;Fence_RotateLeft;fence;Fence;270;20;20;1;0;fence
farm;0;92;FenceCorner_RotateRight;fenceCorner;FenceCorner;90;5;5;1;0;fenceCorner
farm;0;93;FenceCorner_Rotate180;fenceCorner;FenceCorner;180;5;5;1;0;fenceCorner
farm;0;94;FenceCorner_RotateLeft;fenceCorner;FenceCorner;270;5;5;1;0;fenceCorner
farm;1;0;BaseWall;wall;BaseWall;0;5;5;1;0;wall
farm;1;1;BaseWallOuterCorner;wall_outerCorner;BaseWallOuterCorner;0;1;1;1;0;wall_outerCorner
farm;1;2;BaseWindow;wall_window;BaseWindow;0;5;5;1;0;wall_window
farm;1;3;EMPTY;empty;EMPTY;0;80;80;1;1;
farm;1;4;Grass;grass;Grass;0;100;100;1;0;grass
farm;1;5;LIMIT;limit;LIMIT;0;1;;0;1;
farm;1;6;RoofSide;roofSide;RoofSide;0;1;1;1;0;roofSide
farm;1;7;RoofSide_OuterCorner;roofSide_OuterCorner;RoofSide_OuterCorner;0;1;1;1;0;roofSide_OuterCorner
farm;1;8;RoofSide_OuterCorner_F;roofSide_OuterCorner_F;RoofSide_OuterCorner_F;0;1;1;1;0;roofSide_OuterCorner_F
farm;1;9;RoofTopExterior;roofTop_ext;RoofTopExterior;0;1;1;1;0;roofTop_ext
farm;1;10;RoofTopInterior;roofTop_int;RoofTopInterior;0;1;1;1;0;roofTop_int
farm;1;11;SOLID;solid;SOLID;0;1;1;1;1;
farm;1;12;WallRoofTop;WallRoof;WallRoofTop;0;1;1;1;0;WallRoof
farm;1;13;GrassInnerCorner;grass_innerCorner;GrassInnerCorner;0;20;20;1;0;grass_innerCorner
farm;1;14;GrassOuterCorner;grass_outerCorner;GrassOuterCorner;0;20;20;1;0;grass_outerCorner
farm;1;15;GrassSide;grass_side;GrassSide;0;20;20;1;0;grass_side
farm;1;16;Soil;sand;Soil;0;25;25;1;0;sand
farm;1;17;CliffCorner;cliff_corner;CliffCorner;0;1;1;1;0;cliff_corner
farm;1;18;CliffSide;cliff;CliffSide;0;1;1;1;0;cliff
farm;1;19;CliffTopCorner;cliff_corner_top;CliffTopCorner;0;1;1;1;0;cliff_corner_top
farm;1;20;CliffTopSide;cliff_border;CliffTopSide;0;1;1;1;0;cliff_border
farm;1;21;HayBale;hayBale;HayBale;0;5;5;1;0;hayBale
farm;1;22;SiloDown;siloBase;SiloDown;0;5;5;1;0;siloBase
farm;1;23;SiloMiddle;siloMiddle;SiloMiddle;0;1;1;1;0;siloMiddle
farm;1;24;SiloTop;siloTop;SiloTop;0;1;1;1;0;siloTop
farm;1;25;DoorSingle;wallDoor;DoorSingle;0;1;1;1;0;wallDoor
farm;1;26;Fence;fence;Fence;0;20;20;1;0;fence
farm;1;27;FenceCorner;fenceCorner;FenceCorner;0;5;5;1;0;fenceCorner
farm;1;28;BaseWall_RotateRight;wall;BaseWall;90;5;5;1;0;wall
farm;1;29;BaseWall_Rotate180;wall;BaseWall;180;5;5;1;0;wall
farm;1;30;BaseWall_RotateLeft;wall;BaseWall;270;5;5;1;0;wall
farm;1;31;BaseWallOuterCorner_RotateRight;wall_outerCorner;BaseWallOuterCorner;90;1;1;1;0;wall_outerCorner
farm;1;32;BaseWallOuterCorner_Rotate180;wall_outerCorner;BaseWallOuterCorner;180;1;1;1;0;wall_outerCorner
farm;1;33;BaseWallOuterCorner_RotateLeft;wall_outerCorner;BaseWallOuterCorner;270;1;1;1;0;wall_outerCorner
farm;1;34;BaseWindow_RotateRight;wall_window;BaseWindow;90;5;5;1;0;wall_window
farm;1;35;BaseWindow_Rotate180;wall_window;BaseWindow;180;5;5;1;0;wall_window
farm;1;36;BaseWindow_RotateLeft;wall_window;BaseWindow;270;5;5;1;0;wall_window
farm;1;37;RoofSide_RotateRight;roofSide;RoofSide;90;1;1;1;0;roofSide
farm;1;38;RoofSide_Rotate180;roofSide;RoofSide;180;1;1;1;0;roofSide
farm;1;39;RoofSide_RotateLeft;roofSide;RoofSide;270;1;1;1;0;roofSide
farm;1;40;RoofSide_OuterCorner_RotateRight;roofSide_OuterCorner;RoofSide_OuterCorner;90;1;1;1;0;roofSide_OuterCorner
farm;1;41;RoofSide_OuterCorner_Rotate180;roofSide_OuterCorner;RoofSide_OuterCorner;180;1;1;1;0;roofSide_OuterCorner
farm;1;42;RoofSide_OuterCorner_RotateLeft;roofSide_OuterCorner;RoofSide_OuterCorner;270;1;1;1;0;roofSide_OuterCorner
farm;1;43;RoofSide_OuterCorner_F_RotateRight;roofSide_OuterCorner_F;RoofSide_OuterCorner_F;90;1;1;1;0;roofSide_OuterCorner_F
farm;1;44;RoofSide_OuterCorner_F_Rotate180;roofSide_OuterCorner_F;RoofSide_OuterCorner_F;180;1;1;1;0;roofSide_OuterCorner_F
farm;1;45;RoofSide_OuterCorner_F_RotateLeft;roofSide_OuterCorner_F;RoofSide_OuterCorner_F;270;1;1;1;0;roofSide_OuterCorner_F
farm;1;46;RoofTopExterior_RotateRight;roofTop_ext;RoofTopExterior;90;1;1;1;0;roofTop_ext
farm;1;47;RoofTopExterior_Rotate180;roofTop_ext;RoofTopExterior;180;1;1;1;0;roofTop_ext
farm;1;48;RoofTopExterior_RotateLeft;roofTop_ext;RoofTopExterior;270;1;1;1;0;roofTop_ext
farm;1;49;RoofTopInterior_RotateRight;roofTop_int;RoofTopInterior;90;1;1;1;0;roofTop_int
farm;1;50;RoofTopInterior_Rotate180;roofTop_int;RoofTopInterior;180;1;1;1;0;roofTop_int
farm;1;51;RoofTopInterior_RotateLeft;roofTop_int;RoofTopInterior;270;1;1;1;0;roofTop_int
farm;1;52;WallRoofTop_RotateRight;WallRoof;WallRoofTop;90;1;1;1;0;WallRoof
farm;1;53;WallRoofTop_Rotate180;WallRoof;WallRoofTop;180;1;1;1;0;WallRoof
farm;1;54;WallRoofTop_RotateLeft;WallRoof;WallRoofTop;270;1;1;1;0;WallRoof
farm;1;55;GrassInnerCorner_RotateRight;grass_innerCorner;GrassInnerCorner;90;20;20;1;0;grass_innerCorner
farm;1;56;GrassInnerCorner_Rotate180;grass_innerCorner;GrassInnerCorner;180;20;20;1;0;grass_innerCorner
farm;1;57;GrassInnerCorner_RotateLeft;grass_innerCorner;GrassInnerCorner;270;20;20;1;0;grass_innerCorner
farm;1;58;GrassOuterCorner_RotateRight;grass_outerCorner;GrassOuterCorner;90;20;20;1;0;grass_outerCorner
farm;1;59;GrassOuterCorner_Rotate180;grass_outerCorner;GrassOuterCorner;180;20;20;1;0;grass_outerCorner
farm;1;60;GrassOuterCorner_RotateLeft;grass_outerCorner;GrassOuterCorner;270;20;20;1;0;grass_outerCorner
farm;1;61;GrassSide_RotateRight;grass_side;GrassSide;90;20;20;1;0;grass_side
farm;1;62;GrassSide_Rotate180;grass_side;GrassSide;180;20;20;1;0;grass_side
farm;1;63;GrassSide_RotateLeft;grass_side;GrassSide;270;20;20;1;0;grass_side
farm;1;64;CliffCorner_RotateRight;cliff_corner;CliffCorner;90;1;1;1;0;cliff_corner
farm;1;65;CliffCorner_Rotate180;cliff_corner;CliffCorner;180;1;1;1;0;cliff_corner
farm;1;66;CliffCorner_RotateLeft;cliff_corner;CliffCorner;270;1;1;1;0;cliff_corner
farm;1;67;CliffSide_RotateRight;cliff;CliffSide;90;1;1;1;0;cliff
farm;1;68;CliffSide_Rotate180;cliff;CliffSide;180;1;1;1;0;cliff
farm;1;69;CliffSide_RotateLeft;cliff;CliffSide;270;1;1;1;0;cliff
farm;1;70;CliffTopCorner_RotateRight;cliff_corner_top;CliffTopCorner;90;1;1;1;0;cliff_corner_top
farm;1;71;CliffTopCorner_Rotate180;cliff_corner_top;CliffTopCorner;180;1;1;1;0;cliff_corner_top
farm;1;72;CliffTopCorner_RotateLeft;cliff_corner_top;CliffTopCorner;270;1;1;1;0;cliff_corner_top
farm;1;73;CliffTopSide_RotateRight;cliff_border;CliffTopSide;90;1;1;1;0;cliff_border
farm;1;74;CliffTopSide_Rotate180;cliff_border;CliffTopSide;180;1;1;1;0;cliff_border
farm;1;75;CliffTopSide_RotateLeft;cliff_border;CliffTopSide;270;1;1;1;0;cliff_border
farm;1;76;HayBale_RotateRight;hayBale;HayBale;90;5;5;1;0;hayBale
farm;1;77;SiloDown_RotateRight;siloBase;SiloDown;90;5;5;1;0;siloBase
farm;1;78;SiloDown_Rotate180;siloBase;SiloDown;180;5;5;1;0;siloBase
farm;1;79;SiloDown_RotateLeft;siloBase;SiloDown;270;5;5;1;0;siloBase
farm;1;80;SiloMiddle_RotateRight;siloMiddle;SiloMiddle;90;1;1;1;0;siloMiddle
farm;1;81;SiloMiddle_Rotate180;siloMiddle;SiloMiddle;180;1;1;1;0;siloMiddle
farm;1;82;SiloMiddle_RotateLeft;siloMiddle;SiloMiddle;270;1;1;1;0;siloMiddle
farm;1;83;SiloTop_RotateRight;siloTop;SiloTop;90;1;1;1;0;siloTop
farm;1;84;SiloTop_Rotate180;siloTop;SiloTop;180;1;1;1;0;siloTop
farm;1;85;SiloTop_RotateLeft;siloTop;SiloTop;270;1;1;1;0;siloTop
farm;1;86;DoorSingle_RotateRight;wallDoor;DoorSingle;90;1;1;1;0;wallDoor
farm;1;87;DoorSingle_Rotate180;wallDoor;DoorSingle;180;1;1;1;0;wallDoor
farm;1;88;DoorSingle_RotateLeft;wallDoor;DoorSingle;270;1;1;1;0;wallDoor
farm;1;89;Fence_RotateRight;fence;Fence;90;20;20;1;0;fence
farm;1;90;Fence_Rotate180;fence;Fence;180;20;20;1;0;fence
farm;1;91;Fence_RotateLeft;fence;Fence;270;20;20;1;0;fence
farm;1;92;FenceCorner_RotateRight;fenceCorner;FenceCorner;90;5;5;1;0;fenceCorner
farm;1;93;FenceCorner_Rotate180;fenceCorner;FenceCorner;180;5;5;1;0;fenceCorner
farm;1;94;FenceCorner_RotateLeft;fenceCorner;FenceCorner;270;5;5;1;0;fenceCorner
