config_id;tileset;size_label;level_id;solver;solver_variant;tile_type;p_original;p_conditional_mean;q_empirical_mean
Q_UNRESTRICTED/NATURE/10x10x5;nature;10x10x5;Q_UNRESTRICTED;ThisWork;heap;grass;0,165563;0,165563;0,049493
Q_UNRESTRICTED/NATURE/10x10x5;nature;10x10x5;Q_UNRESTRICTED;ThisWork;heap;pines;0,006623;0,006623;0,00335
Q_UNRESTRICTED/NATURE/10x10x5;nature;10x10x5;Q_UNRESTRICTED;ThisWork;heap;beach;0,13245;0,13245;0,031778
Q_UNRESTRICTED/NATURE/10x10x5;nature;10x10x5;Q_UNRESTRICTED;ThisWork;heap;beach_cornerExt;0,13245;0,13245;0,007575
Q_UNRESTRICTED/NATURE/10x10x5;nature;10x10x5;Q_UNRESTRICTED;ThisWork;heap;beach_grassEnd_L;0,033113;0,033113;0,007006
Q_UNRESTRICTED/NATURE/10x10x5;nature;10x10x5;Q_UNRESTRICTED;ThisWork;heap;beach_grassEnd_R;0,033113;0,033113;0,00721
Q_UNRESTRICTED/NATURE/10x10x5;nature;10x10x5;Q_UNRESTRICTED;ThisWork;heap;border;0,006623;0,006623;0,267944
Q_UNRESTRICTED/NATURE/10x10x5;nature;10x10x5;Q_UNRESTRICTED;ThisWork;heap;campfire;0,009934;0,009934;0,005032
Q_UNRESTRICTED/NATURE/10x10x5;nature;10x10x5;Q_UNRESTRICTED;ThisWork;heap;cornerExtBorder;0,006623;0,006623;0,06311
Q_UNRESTRICTED/NATURE/10x10x5;nature;10x10x5;Q_UNRESTRICTED;ThisWork;heap;corner;0,006623;0,006623;0,06311
Q_UNRESTRICTED/NATURE/10x10x5;nature;10x10x5;Q_UNRESTRICTED;ThisWork;heap;cornerIntBorder;0,006623;0,006623;0,082804
Q_UNRESTRICTED/NATURE/10x10x5;nature;10x10x5;Q_UNRESTRICTED;ThisWork;heap;cornerInterior;0,006623;0,006623;0,082804
Q_UNRESTRICTED/NATURE/10x10x5;nature;10x10x5;Q_UNRESTRICTED;ThisWork;heap;grass_end;0,13245;0,13245;0,034245
Q_UNRESTRICTED/NATURE/10x10x5;nature;10x10x5;Q_UNRESTRICTED;ThisWork;heap;grass_end_ExtCorner;0,13245;0,13245;0,006626
Q_UNRESTRICTED/NATURE/10x10x5;nature;10x10x5;Q_UNRESTRICTED;ThisWork;heap;path;0,033113;0,033113;0,003275
Q_UNRESTRICTED/NATURE/10x10x5;nature;10x10x5;Q_UNRESTRICTED;ThisWork;heap;path_corner;0,066225;0,066225;0,001942
Q_UNRESTRICTED/NATURE/10x10x5;nature;10x10x5;Q_UNRESTRICTED;ThisWork;heap;path_end;0,033113;0,033113;0,006814
Q_UNRESTRICTED/NATURE/10x10x5;nature;10x10x5;Q_UNRESTRICTED;ThisWork;heap;pine;0,001656;0,001656;0,000341
Q_UNRESTRICTED/NATURE/10x10x5;nature;10x10x5;Q_UNRESTRICTED;ThisWork;heap;pineAutumn;0,008278;0,008278;0,003185
Q_UNRESTRICTED/NATURE/10x10x5;nature;10x10x5;Q_UNRESTRICTED;ThisWork;heap;wall;0,033113;0,033113;0,267944
Q_UNRESTRICTED/NATURE/10x10x5;nature;10x10x5;Q_UNRESTRICTED;ThisWork;heap;pueblo;0,006623;0,006623;0,002676
Q_UNRESTRICTED/NATURE/10x10x5;nature;10x10x5;Q_UNRESTRICTED;ThisWork;heap;aserradero;0,006623;0,006623;0,001736
Q_UNRESTRICTED/NATURE/10x10x5;nature;10x10x5;Q_UNRESTRICTED;Gumin;simple-tiled-3d;grass;0,165563;0,165563;0,052385
Q_UNRESTRICTED/NATURE/10x10x5;nature;10x10x5;Q_UNRESTRICTED;Gumin;simple-tiled-3d;pines;0,006623;0,006623;0,00193
Q_UNRESTRICTED/NATURE/10x10x5;nature;10x10x5;Q_UNRESTRICTED;Gumin;simple-tiled-3d;beach;0,13245;0,13245;0,03166
Q_UNRESTRICTED/NATURE/10x10x5;nature;10x10x5;Q_UNRESTRICTED;Gumin;simple-tiled-3d;beach_cornerExt;0,13245;0,13245;0,009262
Q_UNRESTRICTED/NATURE/10x10x5;nature;10x10x5;Q_UNRESTRICTED;Gumin;simple-tiled-3d;beach_grassEnd_L;0,033113;0,033113;0,00759
Q_UNRESTRICTED/NATURE/10x10x5;nature;10x10x5;Q_UNRESTRICTED;Gumin;simple-tiled-3d;beach_grassEnd_R;0,033113;0,033113;0,007675
Q_UNRESTRICTED/NATURE/10x10x5;nature;10x10x5;Q_UNRESTRICTED;Gumin;simple-tiled-3d;border;0,006623;0,006623;0,266095
Q_UNRESTRICTED/NATURE/10x10x5;nature;10x10x5;Q_UNRESTRICTED;Gumin;simple-tiled-3d;campfire;0,009934;0,009934;0,002342
Q_UNRESTRICTED/NATURE/10x10x5;nature;10x10x5;Q_UNRESTRICTED;Gumin;simple-tiled-3d;cornerExtBorder;0,006623;0,006623;0,067203
Q_UNRESTRICTED/NATURE/10x10x5;nature;10x10x5;Q_UNRESTRICTED;Gumin;simple-tiled-3d;corner;0,006623;0,006623;0,067203
Q_UNRESTRICTED/NATURE/10x10x5;nature;10x10x5;Q_UNRESTRICTED;Gumin;simple-tiled-3d;cornerIntBorder;0,006623;0,006623;0,079584
Q_UNRESTRICTED/NATURE/10x10x5;nature;10x10x5;Q_UNRESTRICTED;Gumin;simple-tiled-3d;cornerInterior;0,006623;0,006623;0,079584
Q_UNRESTRICTED/NATURE/10x10x5;nature;10x10x5;Q_UNRESTRICTED;Gumin;simple-tiled-3d;grass_end;0,13245;0,13245;0,033121
Q_UNRESTRICTED/NATURE/10x10x5;nature;10x10x5;Q_UNRESTRICTED;Gumin;simple-tiled-3d;grass_end_ExtCorner;0,13245;0,13245;0,009042
Q_UNRESTRICTED/NATURE/10x10x5;nature;10x10x5;Q_UNRESTRICTED;Gumin;simple-tiled-3d;path;0,033113;0,033113;0,001844
Q_UNRESTRICTED/NATURE/10x10x5;nature;10x10x5;Q_UNRESTRICTED;Gumin;simple-tiled-3d;path_corner;0,066225;0,066225;0,004287
Q_UNRESTRICTED/NATURE/10x10x5;nature;10x10x5;Q_UNRESTRICTED;Gumin;simple-tiled-3d;path_end;0,033113;0,033113;0,005232
Q_UNRESTRICTED/NATURE/10x10x5;nature;10x10x5;Q_UNRESTRICTED;Gumin;simple-tiled-3d;pine;0,001656;0,001656;0,000461
Q_UNRESTRICTED/NATURE/10x10x5;nature;10x10x5;Q_UNRESTRICTED;Gumin;simple-tiled-3d;pineAutumn;0,008278;0,008278;0,002295
Q_UNRESTRICTED/NATURE/10x10x5;nature;10x10x5;Q_UNRESTRICTED;Gumin;simple-tiled-3d;wall;0,033113;0,033113;0,266095
Q_UNRESTRICTED/NATURE/10x10x5;nature;10x10x5;Q_UNRESTRICTED;Gumin;simple-tiled-3d;pueblo;0,006623;0,006623;0,002115
Q_UNRESTRICTED/NATURE/10x10x5;nature;10x10x5;Q_UNRESTRICTED;Gumin;simple-tiled-3d;aserradero;0,006623;0,006623;0,002992
Q_UNRESTRICTED/NATURE/10x10x5;nature;10x10x5;Q_UNRESTRICTED;DeBroglie;matched;grass;0,165563;0,165563;0,051282
Q_UNRESTRICTED/NATURE/10x10x5;nature;10x10x5;Q_UNRESTRICTED;DeBroglie;matched;pines;0,006623;0,006623;0,001862
Q_UNRESTRICTED/NATURE/10x10x5;nature;10x10x5;Q_UNRESTRICTED;DeBroglie;matched;beach;0,13245;0,13245;0,031024
Q_UNRESTRICTED/NATURE/10x10x5;nature;10x10x5;Q_UNRESTRICTED;DeBroglie;matched;beach_cornerExt;0,13245;0,13245;0,005586
Q_UNRESTRICTED/NATURE/10x10x5;nature;10x10x5;Q_UNRESTRICTED;DeBroglie;matched;beach_grassEnd_L;0,033113;0,033113;0,007893
Q_UNRESTRICTED/NATURE/10x10x5;nature;10x10x5;Q_UNRESTRICTED;DeBroglie;matched;beach_grassEnd_R;0,033113;0,033113;0,007438
Q_UNRESTRICTED/NATURE/10x10x5;nature;10x10x5;Q_UNRESTRICTED;DeBroglie;matched;border;0,006623;0,006623;0,270795
Q_UNRESTRICTED/NATURE/10x10x5;nature;10x10x5;Q_UNRESTRICTED;DeBroglie;matched;campfire;0,009934;0,009934;0,003412
Q_UNRESTRICTED/NATURE/10x10x5;nature;10x10x5;Q_UNRESTRICTED;DeBroglie;matched;cornerExtBorder;0,006623;0,006623;0,062348
Q_UNRESTRICTED/NATURE/10x10x5;nature;10x10x5;Q_UNRESTRICTED;DeBroglie;matched;corner;0,006623;0,006623;0,062348
Q_UNRESTRICTED/NATURE/10x10x5;nature;10x10x5;Q_UNRESTRICTED;DeBroglie;matched;cornerIntBorder;0,006623;0,006623;0,08495
Q_UNRESTRICTED/NATURE/10x10x5;nature;10x10x5;Q_UNRESTRICTED;DeBroglie;matched;cornerInterior;0,006623;0,006623;0,08495
Q_UNRESTRICTED/NATURE/10x10x5;nature;10x10x5;Q_UNRESTRICTED;DeBroglie;matched;grass_end;0,13245;0,13245;0,035332
Q_UNRESTRICTED/NATURE/10x10x5;nature;10x10x5;Q_UNRESTRICTED;DeBroglie;matched;grass_end_ExtCorner;0,13245;0,13245;0,005351
Q_UNRESTRICTED/NATURE/10x10x5;nature;10x10x5;Q_UNRESTRICTED;DeBroglie;matched;path;0,033113;0,033113;0,000664
Q_UNRESTRICTED/NATURE/10x10x5;nature;10x10x5;Q_UNRESTRICTED;DeBroglie;matched;path_corner;0,066225;0,066225;0,003706
Q_UNRESTRICTED/NATURE/10x10x5;nature;10x10x5;Q_UNRESTRICTED;DeBroglie;matched;path_end;0,033113;0,033113;0,004083
Q_UNRESTRICTED/NATURE/10x10x5;nature;10x10x5;Q_UNRESTRICTED;DeBroglie;matched;pine;0,001656;0,001656;0,000108
Q_UNRESTRICTED/NATURE/10x10x5;nature;10x10x5;Q_UNRESTRICTED;DeBroglie;matched;pineAutumn;0,008278;0,008278;0,001636
Q_UNRESTRICTED/NATURE/10x10x5;nature;10x10x5;Q_UNRESTRICTED;DeBroglie;matched;wall;0,033113;0,033113;0,270795
Q_UNRESTRICTED/NATURE/10x10x5;nature;10x10x5;Q_UNRESTRICTED;DeBroglie;matched;pueblo;0,006623;0,006623;0,00254
Q_UNRESTRICTED/NATURE/10x10x5;nature;10x10x5;Q_UNRESTRICTED;DeBroglie;matched;aserradero;0,006623;0,006623;0,001896
Q_UNRESTRICTED/NATURE/20x20x5;nature;20x20x5;Q_UNRESTRICTED;ThisWork;heap;grass;0,165563;0,165563;0,056081
Q_UNRESTRICTED/NATURE/20x20x5;nature;20x20x5;Q_UNRESTRICTED;ThisWork;heap;pines;0,006623;0,006623;0,002058
Q_UNRESTRICTED/NATURE/20x20x5;nature;20x20x5;Q_UNRESTRICTED;ThisWork;heap;beach;0,13245;0,13245;0,015165
Q_UNRESTRICTED/NATURE/20x20x5;nature;20x20x5;Q_UNRESTRICTED;ThisWork;heap;beach_cornerExt;0,13245;0,13245;0,000844
Q_UNRESTRICTED/NATURE/20x20x5;nature;20x20x5;Q_UNRESTRICTED;ThisWork;heap;beach_grassEnd_L;0,033113;0,033113;0,003404
Q_UNRESTRICTED/NATURE/20x20x5;nature;20x20x5;Q_UNRESTRICTED;ThisWork;heap;beach_grassEnd_R;0,033113;0,033113;0,00349
Q_UNRESTRICTED/NATURE/20x20x5;nature;20x20x5;Q_UNRESTRICTED;ThisWork;heap;border;0,006623;0,006623;0,277474
Q_UNRESTRICTED/NATURE/20x20x5;nature;20x20x5;Q_UNRESTRICTED;ThisWork;heap;campfire;0,009934;0,009934;0,003367
Q_UNRESTRICTED/NATURE/20x20x5;nature;20x20x5;Q_UNRESTRICTED;ThisWork;heap;cornerExtBorder;0,006623;0,006623;0,066336
Q_UNRESTRICTED/NATURE/20x20x5;nature;20x20x5;Q_UNRESTRICTED;ThisWork;heap;corner;0,006623;0,006623;0,066308
Q_UNRESTRICTED/NATURE/20x20x5;nature;20x20x5;Q_UNRESTRICTED;ThisWork;heap;cornerIntBorder;0,006623;0,006623;0,099401
Q_UNRESTRICTED/NATURE/20x20x5;nature;20x20x5;Q_UNRESTRICTED;ThisWork;heap;cornerInterior;0,006623;0,006623;0,099318
Q_UNRESTRICTED/NATURE/20x20x5;nature;20x20x5;Q_UNRESTRICTED;ThisWork;heap;grass_end;0,13245;0,13245;0,012601
Q_UNRESTRICTED/NATURE/20x20x5;nature;20x20x5;Q_UNRESTRICTED;ThisWork;heap;grass_end_ExtCorner;0,13245;0,13245;0,000753
Q_UNRESTRICTED/NATURE/20x20x5;nature;20x20x5;Q_UNRESTRICTED;ThisWork;heap;path;0,033113;0,033113;0,001246
Q_UNRESTRICTED/NATURE/20x20x5;nature;20x20x5;Q_UNRESTRICTED;ThisWork;heap;path_corner;0,066225;0,066225;0,002267
Q_UNRESTRICTED/NATURE/20x20x5;nature;20x20x5;Q_UNRESTRICTED;ThisWork;heap;path_end;0,033113;0,033113;0,003969
Q_UNRESTRICTED/NATURE/20x20x5;nature;20x20x5;Q_UNRESTRICTED;ThisWork;heap;pine;0,001656;0,001656;0,000559
Q_UNRESTRICTED/NATURE/20x20x5;nature;20x20x5;Q_UNRESTRICTED;ThisWork;heap;pineAutumn;0,008278;0,008278;0,003349
Q_UNRESTRICTED/NATURE/20x20x5;nature;20x20x5;Q_UNRESTRICTED;ThisWork;heap;wall;0,033113;0,033113;0,277253
Q_UNRESTRICTED/NATURE/20x20x5;nature;20x20x5;Q_UNRESTRICTED;ThisWork;heap;pueblo;0,006623;0,006623;0,002677
Q_UNRESTRICTED/NATURE/20x20x5;nature;20x20x5;Q_UNRESTRICTED;ThisWork;heap;aserradero;0,006623;0,006623;0,00208
Q_UNRESTRICTED/NATURE/20x20x5;nature;20x20x5;Q_UNRESTRICTED;Gumin;simple-tiled-3d;grass;0,165563;0,165563;0,056739
Q_UNRESTRICTED/NATURE/20x20x5;nature;20x20x5;Q_UNRESTRICTED;Gumin;simple-tiled-3d;pines;0,006623;0,006623;0,002443
Q_UNRESTRICTED/NATURE/20x20x5;nature;20x20x5;Q_UNRESTRICTED;Gumin;simple-tiled-3d;beach;0,13245;0,13245;0,012552
Q_UNRESTRICTED/NATURE/20x20x5;nature;20x20x5;Q_UNRESTRICTED;Gumin;simple-tiled-3d;beach_cornerExt;0,13245;0,13245;0,000749
Q_UNRESTRICTED/NATURE/20x20x5;nature;20x20x5;Q_UNRESTRICTED;Gumin;simple-tiled-3d;beach_grassEnd_L;0,033113;0,033113;0,003567
Q_UNRESTRICTED/NATURE/20x20x5;nature;20x20x5;Q_UNRESTRICTED;Gumin;simple-tiled-3d;beach_grassEnd_R;0,033113;0,033113;0,003795
Q_UNRESTRICTED/NATURE/20x20x5;nature;20x20x5;Q_UNRESTRICTED;Gumin;simple-tiled-3d;border;0,006623;0,006623;0,277252
Q_UNRESTRICTED/NATURE/20x20x5;nature;20x20x5;Q_UNRESTRICTED;Gumin;simple-tiled-3d;campfire;0,009934;0,009934;0,003057
Q_UNRESTRICTED/NATURE/20x20x5;nature;20x20x5;Q_UNRESTRICTED;Gumin;simple-tiled-3d;cornerExtBorder;0,006623;0,006623;0,066753
Q_UNRESTRICTED/NATURE/20x20x5;nature;20x20x5;Q_UNRESTRICTED;Gumin;simple-tiled-3d;corner;0,006623;0,006623;0,066726
Q_UNRESTRICTED/NATURE/20x20x5;nature;20x20x5;Q_UNRESTRICTED;Gumin;simple-tiled-3d;cornerIntBorder;0,006623;0,006623;0,098376
Q_UNRESTRICTED/NATURE/20x20x5;nature;20x20x5;Q_UNRESTRICTED;Gumin;simple-tiled-3d;cornerInterior;0,006623;0,006623;0,098293
Q_UNRESTRICTED/NATURE/20x20x5;nature;20x20x5;Q_UNRESTRICTED;Gumin;simple-tiled-3d;grass_end;0,13245;0,13245;0,015144
Q_UNRESTRICTED/NATURE/20x20x5;nature;20x20x5;Q_UNRESTRICTED;Gumin;simple-tiled-3d;grass_end_ExtCorner;0,13245;0,13245;0,001094
Q_UNRESTRICTED/NATURE/20x20x5;nature;20x20x5;Q_UNRESTRICTED;Gumin;simple-tiled-3d;path;0,033113;0,033113;0,001333
Q_UNRESTRICTED/NATURE/20x20x5;nature;20x20x5;Q_UNRESTRICTED;Gumin;simple-tiled-3d;path_corner;0,066225;0,066225;0,002331
Q_UNRESTRICTED/NATURE/20x20x5;nature;20x20x5;Q_UNRESTRICTED;Gumin;simple-tiled-3d;path_end;0,033113;0,033113;0,004545
Q_UNRESTRICTED/NATURE/20x20x5;nature;20x20x5;Q_UNRESTRICTED;Gumin;simple-tiled-3d;pine;0,001656;0,001656;0,000535
Q_UNRESTRICTED/NATURE/20x20x5;nature;20x20x5;Q_UNRESTRICTED;Gumin;simple-tiled-3d;pineAutumn;0,008278;0,008278;0,002761
Q_UNRESTRICTED/NATURE/20x20x5;nature;20x20x5;Q_UNRESTRICTED;Gumin;simple-tiled-3d;wall;0,033113;0,033113;0,277142
Q_UNRESTRICTED/NATURE/20x20x5;nature;20x20x5;Q_UNRESTRICTED;Gumin;simple-tiled-3d;pueblo;0,006623;0,006623;0,00249
Q_UNRESTRICTED/NATURE/20x20x5;nature;20x20x5;Q_UNRESTRICTED;Gumin;simple-tiled-3d;aserradero;0,006623;0,006623;0,002323
Q_UNRESTRICTED/NATURE/20x20x5;nature;20x20x5;Q_UNRESTRICTED;DeBroglie;matched;grass;0,165563;0,165563;0,056256
Q_UNRESTRICTED/NATURE/20x20x5;nature;20x20x5;Q_UNRESTRICTED;DeBroglie;matched;pines;0,006623;0,006623;0,001937
Q_UNRESTRICTED/NATURE/20x20x5;nature;20x20x5;Q_UNRESTRICTED;DeBroglie;matched;beach;0,13245;0,13245;0,015937
Q_UNRESTRICTED/NATURE/20x20x5;nature;20x20x5;Q_UNRESTRICTED;DeBroglie;matched;beach_cornerExt;0,13245;0,13245;0,001584
Q_UNRESTRICTED/NATURE/20x20x5;nature;20x20x5;Q_UNRESTRICTED;DeBroglie;matched;beach_grassEnd_L;0,033113;0,033113;0,004486
Q_UNRESTRICTED/NATURE/20x20x5;nature;20x20x5;Q_UNRESTRICTED;DeBroglie;matched;beach_grassEnd_R;0,033113;0,033113;0,00434
Q_UNRESTRICTED/NATURE/20x20x5;nature;20x20x5;Q_UNRESTRICTED;DeBroglie;matched;border;0,006623;0,006623;0,278316
Q_UNRESTRICTED/NATURE/20x20x5;nature;20x20x5;Q_UNRESTRICTED;DeBroglie;matched;campfire;0,009934;0,009934;0,003417
Q_UNRESTRICTED/NATURE/20x20x5;nature;20x20x5;Q_UNRESTRICTED;DeBroglie;matched;cornerExtBorder;0,006623;0,006623;0,068699
Q_UNRESTRICTED/NATURE/20x20x5;nature;20x20x5;Q_UNRESTRICTED;DeBroglie;matched;corner;0,006623;0,006623;0,068699
Q_UNRESTRICTED/NATURE/20x20x5;nature;20x20x5;Q_UNRESTRICTED;DeBroglie;matched;cornerIntBorder;0,006623;0,006623;0,091774
Q_UNRESTRICTED/NATURE/20x20x5;nature;20x20x5;Q_UNRESTRICTED;DeBroglie;matched;cornerInterior;0,006623;0,006623;0,091774
Q_UNRESTRICTED/NATURE/20x20x5;nature;20x20x5;Q_UNRESTRICTED;DeBroglie;matched;grass_end;0,13245;0,13245;0,017168
Q_UNRESTRICTED/NATURE/20x20x5;nature;20x20x5;Q_UNRESTRICTED;DeBroglie;matched;grass_end_ExtCorner;0,13245;0,13245;0,001087
Q_UNRESTRICTED/NATURE/20x20x5;nature;20x20x5;Q_UNRESTRICTED;DeBroglie;matched;path;0,033113;0,033113;0,001729
Q_UNRESTRICTED/NATURE/20x20x5;nature;20x20x5;Q_UNRESTRICTED;DeBroglie;matched;path_corner;0,066225;0,066225;0,002035
Q_UNRESTRICTED/NATURE/20x20x5;nature;20x20x5;Q_UNRESTRICTED;DeBroglie;matched;path_end;0,033113;0,033113;0,004593
Q_UNRESTRICTED/NATURE/20x20x5;nature;20x20x5;Q_UNRESTRICTED;DeBroglie;matched;pine;0,001656;0,001656;0,000428
Q_UNRESTRICTED/NATURE/20x20x5;nature;20x20x5;Q_UNRESTRICTED;DeBroglie;matched;pineAutumn;0,008278;0,008278;0,003019
Q_UNRESTRICTED/NATURE/20x20x5;nature;20x20x5;Q_UNRESTRICTED;DeBroglie;matched;wall;0,033113;0,033113;0,278316
Q_UNRESTRICTED/NATURE/20x20x5;nature;20x20x5;Q_UNRESTRICTED;DeBroglie;matched;pueblo;0,006623;0,006623;0,001976
Q_UNRESTRICTED/NATURE/20x20x5;nature;20x20x5;Q_UNRESTRICTED;DeBroglie;matched;aserradero;0,006623;0,006623;0,002429
Q_UNRESTRICTED/NATURE/30x30x5;nature;30x30x5;Q_UNRESTRICTED;ThisWork;heap;grass;0,165563;0,165563;0,058634
Q_UNRESTRICTED/NATURE/30x30x5;nature;30x30x5;Q_UNRESTRICTED;ThisWork;heap;pines;0,006623;0,006623;0,002392
Q_UNRESTRICTED/NATURE/30x30x5;nature;30x30x5;Q_UNRESTRICTED;ThisWork;heap;beach;0,13245;0,13245;0,011648
Q_UNRESTRICTED/NATURE/30x30x5;nature;30x30x5;Q_UNRESTRICTED;ThisWork;heap;beach_cornerExt;0,13245;0,13245;0,001044
Q_UNRESTRICTED/NATURE/30x30x5;nature;30x30x5;Q_UNRESTRICTED;ThisWork;heap;beach_grassEnd_L;0,033113;0,033113;0,002967
Q_UNRESTRICTED/NATURE/30x30x5;nature;30x30x5;Q_UNRESTRICTED;ThisWork;heap;beach_grassEnd_R;0,033113;0,033113;0,003043
Q_UNRESTRICTED/NATURE/30x30x5;nature;30x30x5;Q_UNRESTRICTED;ThisWork;heap;border;0,006623;0,006623;0,273585
Q_UNRESTRICTED/NATURE/30x30x5;nature;30x30x5;Q_UNRESTRICTED;ThisWork;heap;campfire;0,009934;0,009934;0,003634
Q_UNRESTRICTED/NATURE/30x30x5;nature;30x30x5;Q_UNRESTRICTED;ThisWork;heap;cornerExtBorder;0,006623;0,006623;0,069939
Q_UNRESTRICTED/NATURE/30x30x5;nature;30x30x5;Q_UNRESTRICTED;ThisWork;heap;corner;0,006623;0,006623;0,070161
Q_UNRESTRICTED/NATURE/30x30x5;nature;30x30x5;Q_UNRESTRICTED;ThisWork;heap;cornerIntBorder;0,006623;0,006623;0,100285
Q_UNRESTRICTED/NATURE/30x30x5;nature;30x30x5;Q_UNRESTRICTED;ThisWork;heap;cornerInterior;0,006623;0,006623;0,100385
Q_UNRESTRICTED/NATURE/30x30x5;nature;30x30x5;Q_UNRESTRICTED;ThisWork;heap;grass_end;0,13245;0,13245;0,012069
Q_UNRESTRICTED/NATURE/30x30x5;nature;30x30x5;Q_UNRESTRICTED;ThisWork;heap;grass_end_ExtCorner;0,13245;0,13245;0,001024
Q_UNRESTRICTED/NATURE/30x30x5;nature;30x30x5;Q_UNRESTRICTED;ThisWork;heap;path;0,033113;0,033113;0,001164
Q_UNRESTRICTED/NATURE/30x30x5;nature;30x30x5;Q_UNRESTRICTED;ThisWork;heap;path_corner;0,066225;0,066225;0,001504
Q_UNRESTRICTED/NATURE/30x30x5;nature;30x30x5;Q_UNRESTRICTED;ThisWork;heap;path_end;0,033113;0,033113;0,004194
Q_UNRESTRICTED/NATURE/30x30x5;nature;30x30x5;Q_UNRESTRICTED;ThisWork;heap;pine;0,001656;0,001656;0,00058
Q_UNRESTRICTED/NATURE/30x30x5;nature;30x30x5;Q_UNRESTRICTED;ThisWork;heap;pineAutumn;0,008278;0,008278;0,002755
Q_UNRESTRICTED/NATURE/30x30x5;nature;30x30x5;Q_UNRESTRICTED;ThisWork;heap;wall;0,033113;0,033113;0,27422
Q_UNRESTRICTED/NATURE/30x30x5;nature;30x30x5;Q_UNRESTRICTED;ThisWork;heap;pueblo;0,006623;0,006623;0,002187
Q_UNRESTRICTED/NATURE/30x30x5;nature;30x30x5;Q_UNRESTRICTED;ThisWork;heap;aserradero;0,006623;0,006623;0,002585
Q_UNRESTRICTED/NATURE/30x30x5;nature;30x30x5;Q_UNRESTRICTED;Gumin;simple-tiled-3d;grass;0,165563;0,165563;0,058212
Q_UNRESTRICTED/NATURE/30x30x5;nature;30x30x5;Q_UNRESTRICTED;Gumin;simple-tiled-3d;pines;0,006623;0,006623;0,0023
Q_UNRESTRICTED/NATURE/30x30x5;nature;30x30x5;Q_UNRESTRICTED;Gumin;simple-tiled-3d;beach;0,13245;0,13245;0,01011
Q_UNRESTRICTED/NATURE/30x30x5;nature;30x30x5;Q_UNRESTRICTED;Gumin;simple-tiled-3d;beach_cornerExt;0,13245;0,13245;0,000975
Q_UNRESTRICTED/NATURE/30x30x5;nature;30x30x5;Q_UNRESTRICTED;Gumin;simple-tiled-3d;beach_grassEnd_L;0,033113;0,033113;0,002719
Q_UNRESTRICTED/NATURE/30x30x5;nature;30x30x5;Q_UNRESTRICTED;Gumin;simple-tiled-3d;beach_grassEnd_R;0,033113;0,033113;0,002719
Q_UNRESTRICTED/NATURE/30x30x5;nature;30x30x5;Q_UNRESTRICTED;Gumin;simple-tiled-3d;border;0,006623;0,006623;0,277027
Q_UNRESTRICTED/NATURE/30x30x5;nature;30x30x5;Q_UNRESTRICTED;Gumin;simple-tiled-3d;campfire;0,009934;0,009934;0,003672
Q_UNRESTRICTED/NATURE/30x30x5;nature;30x30x5;Q_UNRESTRICTED;Gumin;simple-tiled-3d;cornerExtBorder;0,006623;0,006623;0,067978
Q_UNRESTRICTED/NATURE/30x30x5;nature;30x30x5;Q_UNRESTRICTED;Gumin;simple-tiled-3d;corner;0,006623;0,006623;0,068216
Q_UNRESTRICTED/NATURE/30x30x5;nature;30x30x5;Q_UNRESTRICTED;Gumin;simple-tiled-3d;cornerIntBorder;0,006623;0,006623;0,099351
Q_UNRESTRICTED/NATURE/30x30x5;nature;30x30x5;Q_UNRESTRICTED;Gumin;simple-tiled-3d;cornerInterior;0,006623;0,006623;0,099437
Q_UNRESTRICTED/NATURE/30x30x5;nature;30x30x5;Q_UNRESTRICTED;Gumin;simple-tiled-3d;grass_end;0,13245;0,13245;0,010831
Q_UNRESTRICTED/NATURE/30x30x5;nature;30x30x5;Q_UNRESTRICTED;Gumin;simple-tiled-3d;grass_end_ExtCorner;0,13245;0,13245;0,000849
Q_UNRESTRICTED/NATURE/30x30x5;nature;30x30x5;Q_UNRESTRICTED;Gumin;simple-tiled-3d;path;0,033113;0,033113;0,001269
Q_UNRESTRICTED/NATURE/30x30x5;nature;30x30x5;Q_UNRESTRICTED;Gumin;simple-tiled-3d;path_corner;0,066225;0,066225;0,002108
Q_UNRESTRICTED/NATURE/30x30x5;nature;30x30x5;Q_UNRESTRICTED;Gumin;simple-tiled-3d;path_end;0,033113;0,033113;0,005423
Q_UNRESTRICTED/NATURE/30x30x5;nature;30x30x5;Q_UNRESTRICTED;Gumin;simple-tiled-3d;pine;0,001656;0,001656;0,00068
Q_UNRESTRICTED/NATURE/30x30x5;nature;30x30x5;Q_UNRESTRICTED;Gumin;simple-tiled-3d;pineAutumn;0,008278;0,008278;0,002969
Q_UNRESTRICTED/NATURE/30x30x5;nature;30x30x5;Q_UNRESTRICTED;Gumin;simple-tiled-3d;wall;0,033113;0,033113;0,278327
Q_UNRESTRICTED/NATURE/30x30x5;nature;30x30x5;Q_UNRESTRICTED;Gumin;simple-tiled-3d;pueblo;0,006623;0,006623;0,002433
Q_UNRESTRICTED/NATURE/30x30x5;nature;30x30x5;Q_UNRESTRICTED;Gumin;simple-tiled-3d;aserradero;0,006623;0,006623;0,002395
Q_UNRESTRICTED/NATURE/30x30x5;nature;30x30x5;Q_UNRESTRICTED;DeBroglie;matched;grass;0,165563;0,165563;0,057916
Q_UNRESTRICTED/NATURE/30x30x5;nature;30x30x5;Q_UNRESTRICTED;DeBroglie;matched;pines;0,006623;0,006623;0,002354
Q_UNRESTRICTED/NATURE/30x30x5;nature;30x30x5;Q_UNRESTRICTED;DeBroglie;matched;beach;0,13245;0,13245;0,007907
Q_UNRESTRICTED/NATURE/30x30x5;nature;30x30x5;Q_UNRESTRICTED;DeBroglie;matched;beach_cornerExt;0,13245;0,13245;0,000599
Q_UNRESTRICTED/NATURE/30x30x5;nature;30x30x5;Q_UNRESTRICTED;DeBroglie;matched;beach_grassEnd_L;0,033113;0,033113;0,001888
Q_UNRESTRICTED/NATURE/30x30x5;nature;30x30x5;Q_UNRESTRICTED;DeBroglie;matched;beach_grassEnd_R;0,033113;0,033113;0,001762
Q_UNRESTRICTED/NATURE/30x30x5;nature;30x30x5;Q_UNRESTRICTED;DeBroglie;matched;border;0,006623;0,006623;0,279983
Q_UNRESTRICTED/NATURE/30x30x5;nature;30x30x5;Q_UNRESTRICTED;DeBroglie;matched;campfire;0,009934;0,009934;0,003548
Q_UNRESTRICTED/NATURE/30x30x5;nature;30x30x5;Q_UNRESTRICTED;DeBroglie;matched;cornerExtBorder;0,006623;0,006623;0,069691
Q_UNRESTRICTED/NATURE/30x30x5;nature;30x30x5;Q_UNRESTRICTED;DeBroglie;matched;corner;0,006623;0,006623;0,069655
Q_UNRESTRICTED/NATURE/30x30x5;nature;30x30x5;Q_UNRESTRICTED;DeBroglie;matched;cornerIntBorder;0,006623;0,006623;0,100378
Q_UNRESTRICTED/NATURE/30x30x5;nature;30x30x5;Q_UNRESTRICTED;DeBroglie;matched;cornerInterior;0,006623;0,006623;0,100294
Q_UNRESTRICTED/NATURE/30x30x5;nature;30x30x5;Q_UNRESTRICTED;DeBroglie;matched;grass_end;0,13245;0,13245;0,008471
Q_UNRESTRICTED/NATURE/30x30x5;nature;30x30x5;Q_UNRESTRICTED;DeBroglie;matched;grass_end_ExtCorner;0,13245;0,13245;0,000513
Q_UNRESTRICTED/NATURE/30x30x5;nature;30x30x5;Q_UNRESTRICTED;DeBroglie;matched;path;0,033113;0,033113;0,000979
Q_UNRESTRICTED/NATURE/30x30x5;nature;30x30x5;Q_UNRESTRICTED;DeBroglie;matched;path_corner;0,066225;0,066225;0,001919
Q_UNRESTRICTED/NATURE/30x30x5;nature;30x30x5;Q_UNRESTRICTED;DeBroglie;matched;path_end;0,033113;0,033113;0,004331
Q_UNRESTRICTED/NATURE/30x30x5;nature;30x30x5;Q_UNRESTRICTED;DeBroglie;matched;pine;0,001656;0,001656;0,00071
Q_UNRESTRICTED/NATURE/30x30x5;nature;30x30x5;Q_UNRESTRICTED;DeBroglie;matched;pineAutumn;0,008278;0,008278;0,002968
Q_UNRESTRICTED/NATURE/30x30x5;nature;30x30x5;Q_UNRESTRICTED;DeBroglie;matched;wall;0,033113;0,033113;0,279923
Q_UNRESTRICTED/NATURE/30x30x5;nature;30x30x5;Q_UNRESTRICTED;DeBroglie;matched;pueblo;0,006623;0,006623;0,002103
Q_UNRESTRICTED/NATURE/30x30x5;nature;30x30x5;Q_UNRESTRICTED;DeBroglie;matched;aserradero;0,006623;0,006623;0,00211
Q_UNRESTRICTED/DESERT/10x10x5;desert;10x10x5;Q_UNRESTRICTED;ThisWork;heap;sand;0,11236;0,11236;0,015063
Q_UNRESTRICTED/DESERT/10x10x5;desert;10x10x5;Q_UNRESTRICTED;ThisWork;heap;borderSand;0,044944;0,044944;0,187326
Q_UNRESTRICTED/DESERT/10x10x5;desert;10x10x5;Q_UNRESTRICTED;ThisWork;heap;cornerInt_wall_sand;0,224719;0,224719;0,155743
Q_UNRESTRICTED/DESERT/10x10x5;desert;10x10x5;Q_UNRESTRICTED;ThisWork;heap;cornerInt_border_sand;0,044944;0,044944;0,157783
Q_UNRESTRICTED/DESERT/10x10x5;desert;10x10x5;Q_UNRESTRICTED;ThisWork;heap;cornerExt_wall_sand;0,134831;0,134831;0,125947
Q_UNRESTRICTED/DESERT/10x10x5;desert;10x10x5;Q_UNRESTRICTED;ThisWork;heap;cornerExt_border_sand;0,044944;0,044944;0,126438
Q_UNRESTRICTED/DESERT/10x10x5;desert;10x10x5;Q_UNRESTRICTED;ThisWork;heap;sand_end;0,044944;0,044944;0,021394
Q_UNRESTRICTED/DESERT/10x10x5;desert;10x10x5;Q_UNRESTRICTED;ThisWork;heap;palm;0,168539;0,168539;0,02065
Q_UNRESTRICTED/DESERT/10x10x5;desert;10x10x5;Q_UNRESTRICTED;ThisWork;heap;sand_end_extCorner;0,044944;0,044944;0,003382
Q_UNRESTRICTED/DESERT/10x10x5;desert;10x10x5;Q_UNRESTRICTED;ThisWork;heap;sand_wall;0,134831;0,134831;0,186273
Q_UNRESTRICTED/DESERT/10x10x5;desert;10x10x5;Q_UNRESTRICTED;Gumin;simple-tiled-3d;sand;0,11236;0,11236;0,016383
Q_UNRESTRICTED/DESERT/10x10x5;desert;10x10x5;Q_UNRESTRICTED;Gumin;simple-tiled-3d;borderSand;0,044944;0,044944;0,18569
Q_UNRESTRICTED/DESERT/10x10x5;desert;10x10x5;Q_UNRESTRICTED;Gumin;simple-tiled-3d;cornerInt_wall_sand;0,224719;0,224719;0,155134
Q_UNRESTRICTED/DESERT/10x10x5;desert;10x10x5;Q_UNRESTRICTED;Gumin;simple-tiled-3d;cornerInt_border_sand;0,044944;0,044944;0,156817
Q_UNRESTRICTED/DESERT/10x10x5;desert;10x10x5;Q_UNRESTRICTED;Gumin;simple-tiled-3d;cornerExt_wall_sand;0,134831;0,134831;0,125601
Q_UNRESTRICTED/DESERT/10x10x5;desert;10x10x5;Q_UNRESTRICTED;Gumin;simple-tiled-3d;cornerExt_border_sand;0,044944;0,044944;0,125753
Q_UNRESTRICTED/DESERT/10x10x5;desert;10x10x5;Q_UNRESTRICTED;Gumin;simple-tiled-3d;sand_end;0,044944;0,044944;0,021508
Q_UNRESTRICTED/DESERT/10x10x5;desert;10x10x5;Q_UNRESTRICTED;Gumin;simple-tiled-3d;palm;0,168539;0,168539;0,023008
Q_UNRESTRICTED/DESERT/10x10x5;desert;10x10x5;Q_UNRESTRICTED;Gumin;simple-tiled-3d;sand_end_extCorner;0,044944;0,044944;0,005234
Q_UNRESTRICTED/DESERT/10x10x5;desert;10x10x5;Q_UNRESTRICTED;Gumin;simple-tiled-3d;sand_wall;0,134831;0,134831;0,184872
Q_UNRESTRICTED/DESERT/10x10x5;desert;10x10x5;Q_UNRESTRICTED;DeBroglie;matched;sand;0,11236;0,11236;0,014776
Q_UNRESTRICTED/DESERT/10x10x5;desert;10x10x5;Q_UNRESTRICTED;DeBroglie;matched;borderSand;0,044944;0,044944;0,186108
Q_UNRESTRICTED/DESERT/10x10x5;desert;10x10x5;Q_UNRESTRICTED;DeBroglie;matched;cornerInt_wall_sand;0,224719;0,224719;0,158679
Q_UNRESTRICTED/DESERT/10x10x5;desert;10x10x5;Q_UNRESTRICTED;DeBroglie;matched;cornerInt_border_sand;0,044944;0,044944;0,160234
Q_UNRESTRICTED/DESERT/10x10x5;desert;10x10x5;Q_UNRESTRICTED;DeBroglie;matched;cornerExt_wall_sand;0,134831;0,134831;0,131872
Q_UNRESTRICTED/DESERT/10x10x5;desert;10x10x5;Q_UNRESTRICTED;DeBroglie;matched;cornerExt_border_sand;0,044944;0,044944;0,131685
Q_UNRESTRICTED/DESERT/10x10x5;desert;10x10x5;Q_UNRESTRICTED;DeBroglie;matched;sand_end;0,044944;0,044944;0,008343
Q_UNRESTRICTED/DESERT/10x10x5;desert;10x10x5;Q_UNRESTRICTED;DeBroglie;matched;palm;0,168539;0,168539;0,021216
Q_UNRESTRICTED/DESERT/10x10x5;desert;10x10x5;Q_UNRESTRICTED;DeBroglie;matched;sand_end_extCorner;0,044944;0,044944;0,001754
Q_UNRESTRICTED/DESERT/10x10x5;desert;10x10x5;Q_UNRESTRICTED;DeBroglie;matched;sand_wall;0,134831;0,134831;0,185333
Q_UNRESTRICTED/DESERT/20x20x5;desert;20x20x5;Q_UNRESTRICTED;ThisWork;heap;sand;0,11236;0,11236;0,014682
Q_UNRESTRICTED/DESERT/20x20x5;desert;20x20x5;Q_UNRESTRICTED;ThisWork;heap;borderSand;0,044944;0,044944;0,19357
Q_UNRESTRICTED/DESERT/20x20x5;desert;20x20x5;Q_UNRESTRICTED;ThisWork;heap;cornerInt_wall_sand;0,224719;0,224719;0,149463
Q_UNRESTRICTED/DESERT/20x20x5;desert;20x20x5;Q_UNRESTRICTED;ThisWork;heap;cornerInt_border_sand;0,044944;0,044944;0,149649
Q_UNRESTRICTED/DESERT/20x20x5;desert;20x20x5;Q_UNRESTRICTED;ThisWork;heap;cornerExt_wall_sand;0,134831;0,134831;0,135162
Q_UNRESTRICTED/DESERT/20x20x5;desert;20x20x5;Q_UNRESTRICTED;ThisWork;heap;cornerExt_border_sand;0,044944;0,044944;0,134455
Q_UNRESTRICTED/DESERT/20x20x5;desert;20x20x5;Q_UNRESTRICTED;ThisWork;heap;sand_end;0,044944;0,044944;0,007289
Q_UNRESTRICTED/DESERT/20x20x5;desert;20x20x5;Q_UNRESTRICTED;ThisWork;heap;palm;0,168539;0,168539;0,020832
Q_UNRESTRICTED/DESERT/20x20x5;desert;20x20x5;Q_UNRESTRICTED;ThisWork;heap;sand_end_extCorner;0,044944;0,044944;0,001016
Q_UNRESTRICTED/DESERT/20x20x5;desert;20x20x5;Q_UNRESTRICTED;ThisWork;heap;sand_wall;0,134831;0,134831;0,193881
Q_UNRESTRICTED/DESERT/20x20x5;desert;20x20x5;Q_UNRESTRICTED;Gumin;simple-tiled-3d;sand;0,11236;0,11236;0,014987
Q_UNRESTRICTED/DESERT/20x20x5;desert;20x20x5;Q_UNRESTRICTED;Gumin;simple-tiled-3d;borderSand;0,044944;0,044944;0,190143
Q_UNRESTRICTED/DESERT/20x20x5;desert;20x20x5;Q_UNRESTRICTED;Gumin;simple-tiled-3d;cornerInt_wall_sand;0,224719;0,224719;0,152427
Q_UNRESTRICTED/DESERT/20x20x5;desert;20x20x5;Q_UNRESTRICTED;Gumin;simple-tiled-3d;cornerInt_border_sand;0,044944;0,044944;0,152829
Q_UNRESTRICTED/DESERT/20x20x5;desert;20x20x5;Q_UNRESTRICTED;Gumin;simple-tiled-3d;cornerExt_wall_sand;0,134831;0,134831;0,134872
Q_UNRESTRICTED/DESERT/20x20x5;desert;20x20x5;Q_UNRESTRICTED;Gumin;simple-tiled-3d;cornerExt_border_sand;0,044944;0,044944;0,134172
Q_UNRESTRICTED/DESERT/20x20x5;desert;20x20x5;Q_UNRESTRICTED;Gumin;simple-tiled-3d;sand_end;0,044944;0,044944;0,007053
Q_UNRESTRICTED/DESERT/20x20x5;desert;20x20x5;Q_UNRESTRICTED;Gumin;simple-tiled-3d;palm;0,168539;0,168539;0,022023
Q_UNRESTRICTED/DESERT/20x20x5;desert;20x20x5;Q_UNRESTRICTED;Gumin;simple-tiled-3d;sand_end_extCorner;0,044944;0,044944;0,001254
Q_UNRESTRICTED/DESERT/20x20x5;desert;20x20x5;Q_UNRESTRICTED;Gumin;simple-tiled-3d;sand_wall;0,134831;0,134831;0,19024
Q_UNRESTRICTED/DESERT/20x20x5;desert;20x20x5;Q_UNRESTRICTED;DeBroglie;matched;sand;0,11236;0,11236;0,014388
Q_UNRESTRICTED/DESERT/20x20x5;desert;20x20x5;Q_UNRESTRICTED;DeBroglie;matched;borderSand;0,044944;0,044944;0,19252
Q_UNRESTRICTED/DESERT/20x20x5;desert;20x20x5;Q_UNRESTRICTED;DeBroglie;matched;cornerInt_wall_sand;0,224719;0,224719;0,154331
Q_UNRESTRICTED/DESERT/20x20x5;desert;20x20x5;Q_UNRESTRICTED;DeBroglie;matched;cornerInt_border_sand;0,044944;0,044944;0,154566
Q_UNRESTRICTED/DESERT/20x20x5;desert;20x20x5;Q_UNRESTRICTED;DeBroglie;matched;cornerExt_wall_sand;0,134831;0,134831;0,135283
Q_UNRESTRICTED/DESERT/20x20x5;desert;20x20x5;Q_UNRESTRICTED;DeBroglie;matched;cornerExt_border_sand;0,044944;0,044944;0,135074
Q_UNRESTRICTED/DESERT/20x20x5;desert;20x20x5;Q_UNRESTRICTED;DeBroglie;matched;sand_end;0,044944;0,044944;0
Q_UNRESTRICTED/DESERT/20x20x5;desert;20x20x5;Q_UNRESTRICTED;DeBroglie;matched;palm;0,168539;0,168539;0,021083
Q_UNRESTRICTED/DESERT/20x20x5;desert;20x20x5;Q_UNRESTRICTED;DeBroglie;matched;sand_end_extCorner;0,044944;0,044944;0
Q_UNRESTRICTED/DESERT/20x20x5;desert;20x20x5;Q_UNRESTRICTED;DeBroglie;matched;sand_wall;0,134831;0,134831;0,192756
Q_UNRESTRICTED/DESERT/30x30x5;desert;30x30x5;Q_UNRESTRICTED;ThisWork;heap;sand;0,11236;0,11236;0,014233
Q_UNRESTRICTED/DESERT/30x30x5;desert;30x30x5;Q_UNRESTRICTED;ThisWork;heap;borderSand;0,044944;0,044944;0,189447
Q_UNRESTRICTED/DESERT/30x30x5;desert;30x30x5;Q_UNRESTRICTED;ThisWork;heap;cornerInt_wall_sand;0,224719;0,224719;0,14956
Q_UNRESTRICTED/DESERT/30x30x5;desert;30x30x5;Q_UNRESTRICTED;ThisWork;heap;cornerInt_border_sand;0,044944;0,044944;0,149745
Q_UNRESTRICTED/DESERT/30x30x5;desert;30x30x5;Q_UNRESTRICTED;ThisWork;heap;cornerExt_wall_sand;0,134831;0,134831;0,138951
Q_UNRESTRICTED/DESERT/30x30x5;desert;30x30x5;Q_UNRESTRICTED;ThisWork;heap;cornerExt_border_sand;0,044944;0,044944;0,138744
Q_UNRESTRICTED/DESERT/30x30x5;desert;30x30x5;Q_UNRESTRICTED;ThisWork;heap;sand_end;0,044944;0,044944;0,007239
Q_UNRESTRICTED/DESERT/30x30x5;desert;30x30x5;Q_UNRESTRICTED;ThisWork;heap;palm;0,168539;0,168539;0,022092
Q_UNRESTRICTED/DESERT/30x30x5;desert;30x30x5;Q_UNRESTRICTED;ThisWork;heap;sand_end_extCorner;0,044944;0,044944;0,000403
Q_UNRESTRICTED/DESERT/30x30x5;desert;30x30x5;Q_UNRESTRICTED;ThisWork;heap;sand_wall;0,134831;0,134831;0,189586
Q_UNRESTRICTED/DESERT/30x30x5;desert;30x30x5;Q_UNRESTRICTED;Gumin;simple-tiled-3d;sand;0,11236;0,11236;0,013878
Q_UNRESTRICTED/DESERT/30x30x5;desert;30x30x5;Q_UNRESTRICTED;Gumin;simple-tiled-3d;borderSand;0,044944;0,044944;0,194232
Q_UNRESTRICTED/DESERT/30x30x5;desert;30x30x5;Q_UNRESTRICTED;Gumin;simple-tiled-3d;cornerInt_wall_sand;0,224719;0,224719;0,147393
Q_UNRESTRICTED/DESERT/30x30x5;desert;30x30x5;Q_UNRESTRICTED;Gumin;simple-tiled-3d;cornerInt_border_sand;0,044944;0,044944;0,14745
Q_UNRESTRICTED/DESERT/30x30x5;desert;30x30x5;Q_UNRESTRICTED;Gumin;simple-tiled-3d;cornerExt_wall_sand;0,134831;0,134831;0,137747
Q_UNRESTRICTED/DESERT/30x30x5;desert;30x30x5;Q_UNRESTRICTED;Gumin;simple-tiled-3d;cornerExt_border_sand;0,044944;0,044944;0,137504
Q_UNRESTRICTED/DESERT/30x30x5;desert;30x30x5;Q_UNRESTRICTED;Gumin;simple-tiled-3d;sand_end;0,044944;0,044944;0,006535
Q_UNRESTRICTED/DESERT/30x30x5;desert;30x30x5;Q_UNRESTRICTED;Gumin;simple-tiled-3d;palm;0,168539;0,168539;0,020583
Q_UNRESTRICTED/DESERT/30x30x5;desert;30x30x5;Q_UNRESTRICTED;Gumin;simple-tiled-3d;sand_end_extCorner;0,044944;0,044944;0,00034
Q_UNRESTRICTED/DESERT/30x30x5;desert;30x30x5;Q_UNRESTRICTED;Gumin;simple-tiled-3d;sand_wall;0,134831;0,134831;0,194336
Q_UNRESTRICTED/DESERT/30x30x5;desert;30x30x5;Q_UNRESTRICTED;DeBroglie;matched;sand;0,11236;0,11236;0,013859
Q_UNRESTRICTED/DESERT/30x30x5;desert;30x30x5;Q_UNRESTRICTED;DeBroglie;matched;borderSand;0,044944;0,044944;0,193069
Q_UNRESTRICTED/DESERT/30x30x5;desert;30x30x5;Q_UNRESTRICTED;DeBroglie;matched;cornerInt_wall_sand;0,224719;0,224719;0,1484
Q_UNRESTRICTED/DESERT/30x30x5;desert;30x30x5;Q_UNRESTRICTED;DeBroglie;matched;cornerInt_border_sand;0,044944;0,044944;0,148622
Q_UNRESTRICTED/DESERT/30x30x5;desert;30x30x5;Q_UNRESTRICTED;DeBroglie;matched;cornerExt_wall_sand;0,134831;0,134831;0,138268
Q_UNRESTRICTED/DESERT/30x30x5;desert;30x30x5;Q_UNRESTRICTED;DeBroglie;matched;cornerExt_border_sand;0,044944;0,044944;0,137887
Q_UNRESTRICTED/DESERT/30x30x5;desert;30x30x5;Q_UNRESTRICTED;DeBroglie;matched;sand_end;0,044944;0,044944;0,004788
Q_UNRESTRICTED/DESERT/30x30x5;desert;30x30x5;Q_UNRESTRICTED;DeBroglie;matched;palm;0,168539;0,168539;0,021589
Q_UNRESTRICTED/DESERT/30x30x5;desert;30x30x5;Q_UNRESTRICTED;DeBroglie;matched;sand_end_extCorner;0,044944;0,044944;0,000392
Q_UNRESTRICTED/DESERT/30x30x5;desert;30x30x5;Q_UNRESTRICTED;DeBroglie;matched;sand_wall;0,134831;0,134831;0,193126
Q_UNRESTRICTED/FARM/10x10x5;farm;10x10x5;Q_UNRESTRICTED;ThisWork;heap;wall;0,033841;0,033841;0,012137
Q_UNRESTRICTED/FARM/10x10x5;farm;10x10x5;Q_UNRESTRICTED;ThisWork;heap;wall_outerCorner;0,006768;0,006768;0,051868
Q_UNRESTRICTED/FARM/10x10x5;farm;10x10x5;Q_UNRESTRICTED;ThisWork;heap;wall_window;0,033841;0,033841;0,011145
Q_UNRESTRICTED/FARM/10x10x5;farm;10x10x5;Q_UNRESTRICTED;ThisWork;heap;grass;0,169205;0,169205;0,194695
Q_UNRESTRICTED/FARM/10x10x5;farm;10x10x5;Q_UNRESTRICTED;ThisWork;heap;roofSide;0,006768;0,006768;0,007789
Q_UNRESTRICTED/FARM/10x10x5;farm;10x10x5;Q_UNRESTRICTED;ThisWork;heap;roofSide_OuterCorner;0,006768;0,006768;0,02685
Q_UNRESTRICTED/FARM/10x10x5;farm;10x10x5;Q_UNRESTRICTED;ThisWork;heap;roofSide_OuterCorner_F;0,006768;0,006768;0,026779
Q_UNRESTRICTED/FARM/10x10x5;farm;10x10x5;Q_UNRESTRICTED;ThisWork;heap;roofTop_ext;0,006768;0,006768;0,014207
Q_UNRESTRICTED/FARM/10x10x5;farm;10x10x5;Q_UNRESTRICTED;ThisWork;heap;roofTop_int;0,006768;0,006768;0,001077
Q_UNRESTRICTED/FARM/10x10x5;farm;10x10x5;Q_UNRESTRICTED;ThisWork;heap;WallRoof;0,006768;0,006768;0,0154
Q_UNRESTRICTED/FARM/10x10x5;farm;10x10x5;Q_UNRESTRICTED;ThisWork;heap;grass_innerCorner;0,135364;0,135364;0,064816
Q_UNRESTRICTED/FARM/10x10x5;farm;10x10x5;Q_UNRESTRICTED;ThisWork;heap;grass_outerCorner;0,135364;0,135364;0,010882
Q_UNRESTRICTED/FARM/10x10x5;farm;10x10x5;Q_UNRESTRICTED;ThisWork;heap;grass_side;0,135364;0,135364;0,028539
Q_UNRESTRICTED/FARM/10x10x5;farm;10x10x5;Q_UNRESTRICTED;ThisWork;heap;sand;0,042301;0,042301;0,002654
Q_UNRESTRICTED/FARM/10x10x5;farm;10x10x5;Q_UNRESTRICTED;ThisWork;heap;cliff_corner;0,006768;0,006768;0,027648
Q_UNRESTRICTED/FARM/10x10x5;farm;10x10x5;Q_UNRESTRICTED;ThisWork;heap;cliff;0,006768;0,006768;0,08765
Q_UNRESTRICTED/FARM/10x10x5;farm;10x10x5;Q_UNRESTRICTED;ThisWork;heap;cliff_corner_top;0,006768;0,006768;0,027681
Q_UNRESTRICTED/FARM/10x10x5;farm;10x10x5;Q_UNRESTRICTED;ThisWork;heap;cliff_border;0,006768;0,006768;0,094089
Q_UNRESTRICTED/FARM/10x10x5;farm;10x10x5;Q_UNRESTRICTED;ThisWork;heap;hayBale;0,01692;0,01692;0,015255
Q_UNRESTRICTED/FARM/10x10x5;farm;10x10x5;Q_UNRESTRICTED;ThisWork;heap;siloBase;0,033841;0,033841;0,065503
Q_UNRESTRICTED/FARM/10x10x5;farm;10x10x5;Q_UNRESTRICTED;ThisWork;heap;siloMiddle;0,006768;0,006768;0,097184
Q_UNRESTRICTED/FARM/10x10x5;farm;10x10x5;Q_UNRESTRICTED;ThisWork;heap;siloTop;0,006768;0,006768;0,048428
Q_UNRESTRICTED/FARM/10x10x5;farm;10x10x5;Q_UNRESTRICTED;ThisWork;heap;wallDoor;0,006768;0,006768;0,002149
Q_UNRESTRICTED/FARM/10x10x5;farm;10x10x5;Q_UNRESTRICTED;ThisWork;heap;fence;0,135364;0,135364;0,051136
Q_UNRESTRICTED/FARM/10x10x5;farm;10x10x5;Q_UNRESTRICTED;ThisWork;heap;fenceCorner;0,033841;0,033841;0,014439
Q_UNRESTRICTED/FARM/10x10x5;farm;10x10x5;Q_UNRESTRICTED;Gumin;simple-tiled-3d;wall;0,033841;0,033841;0,01104
Q_UNRESTRICTED/FARM/10x10x5;farm;10x10x5;Q_UNRESTRICTED;Gumin;simple-tiled-3d;wall_outerCorner;0,006768;0,006768;0,064669
Q_UNRESTRICTED/FARM/10x10x5;farm;10x10x5;Q_UNRESTRICTED;Gumin;simple-tiled-3d;wall_window;0,033841;0,033841;0,012388
Q_UNRESTRICTED/FARM/10x10x5;farm;10x10x5;Q_UNRESTRICTED;Gumin;simple-tiled-3d;grass;0,169205;0,169205;0,185002
Q_UNRESTRICTED/FARM/10x10x5;farm;10x10x5;Q_UNRESTRICTED;Gumin;simple-tiled-3d;roofSide;0,006768;0,006768;0,006278
Q_UNRESTRICTED/FARM/10x10x5;farm;10x10x5;Q_UNRESTRICTED;Gumin;simple-tiled-3d;roofSide_OuterCorner;0,006768;0,006768;0,032934
Q_UNRESTRICTED/FARM/10x10x5;farm;10x10x5;Q_UNRESTRICTED;Gumin;simple-tiled-3d;roofSide_OuterCorner_F;0,006768;0,006768;0,032573
Q_UNRESTRICTED/FARM/10x10x5;farm;10x10x5;Q_UNRESTRICTED;Gumin;simple-tiled-3d;roofTop_ext;0,006768;0,006768;0,019366
Q_UNRESTRICTED/FARM/10x10x5;farm;10x10x5;Q_UNRESTRICTED;Gumin;simple-tiled-3d;roofTop_int;0,006768;0,006768;0,001196
Q_UNRESTRICTED/FARM/10x10x5;farm;10x10x5;Q_UNRESTRICTED;Gumin;simple-tiled-3d;WallRoof;0,006768;0,006768;0,019775
Q_UNRESTRICTED/FARM/10x10x5;farm;10x10x5;Q_UNRESTRICTED;Gumin;simple-tiled-3d;grass_innerCorner;0,135364;0,135364;0,070968
Q_UNRESTRICTED/FARM/10x10x5;farm;10x10x5;Q_UNRESTRICTED;Gumin;simple-tiled-3d;grass_outerCorner;0,135364;0,135364;0,010576
Q_UNRESTRICTED/FARM/10x10x5;farm;10x10x5;Q_UNRESTRICTED;Gumin;simple-tiled-3d;grass_side;0,135364;0,135364;0,031537
Q_UNRESTRICTED/FARM/10x10x5;farm;10x10x5;Q_UNRESTRICTED;Gumin;simple-tiled-3d;sand;0,042301;0,042301;0,003014
Q_UNRESTRICTED/FARM/10x10x5;farm;10x10x5;Q_UNRESTRICTED;Gumin;simple-tiled-3d;cliff_corner;0,006768;0,006768;0,029463
Q_UNRESTRICTED/FARM/10x10x5;farm;10x10x5;Q_UNRESTRICTED;Gumin;simple-tiled-3d;cliff;0,006768;0,006768;0,094351
Q_UNRESTRICTED/FARM/10x10x5;farm;10x10x5;Q_UNRESTRICTED;Gumin;simple-tiled-3d;cliff_corner_top;0,006768;0,006768;0,028838
Q_UNRESTRICTED/FARM/10x10x5;farm;10x10x5;Q_UNRESTRICTED;Gumin;simple-tiled-3d;cliff_border;0,006768;0,006768;0,096805
Q_UNRESTRICTED/FARM/10x10x5;farm;10x10x5;Q_UNRESTRICTED;Gumin;simple-tiled-3d;hayBale;0,01692;0,01692;0,022366
Q_UNRESTRICTED/FARM/10x10x5;farm;10x10x5;Q_UNRESTRICTED;Gumin;simple-tiled-3d;siloBase;0,033841;0,033841;0,052264
Q_UNRESTRICTED/FARM/10x10x5;farm;10x10x5;Q_UNRESTRICTED;Gumin;simple-tiled-3d;siloMiddle;0,006768;0,006768;0,083676
Q_UNRESTRICTED/FARM/10x10x5;farm;10x10x5;Q_UNRESTRICTED;Gumin;simple-tiled-3d;siloTop;0,006768;0,006768;0,034789
Q_UNRESTRICTED/FARM/10x10x5;farm;10x10x5;Q_UNRESTRICTED;Gumin;simple-tiled-3d;wallDoor;0,006768;0,006768;0,002699
Q_UNRESTRICTED/FARM/10x10x5;farm;10x10x5;Q_UNRESTRICTED;Gumin;simple-tiled-3d;fence;0,135364;0,135364;0,043585
Q_UNRESTRICTED/FARM/10x10x5;farm;10x10x5;Q_UNRESTRICTED;Gumin;simple-tiled-3d;fenceCorner;0,033841;0,033841;0,009848
Q_UNRESTRICTED/FARM/10x10x5;farm;10x10x5;Q_UNRESTRICTED;DeBroglie;matched;wall;0,033841;0,033841;0,009093
Q_UNRESTRICTED/FARM/10x10x5;farm;10x10x5;Q_UNRESTRICTED;DeBroglie;matched;wall_outerCorner;0,006768;0,006768;0,061918
Q_UNRESTRICTED/FARM/10x10x5;farm;10x10x5;Q_UNRESTRICTED;DeBroglie;matched;wall_window;0,033841;0,033841;0,010004
Q_UNRESTRICTED/FARM/10x10x5;farm;10x10x5;Q_UNRESTRICTED;DeBroglie;matched;grass;0,169205;0,169205;0,182174
Q_UNRESTRICTED/FARM/10x10x5;farm;10x10x5;Q_UNRESTRICTED;DeBroglie;matched;roofSide;0,006768;0,006768;0,004813
Q_UNRESTRICTED/FARM/10x10x5;farm;10x10x5;Q_UNRESTRICTED;DeBroglie;matched;roofSide_OuterCorner;0,006768;0,006768;0,031772
Q_UNRESTRICTED/FARM/10x10x5;farm;10x10x5;Q_UNRESTRICTED;DeBroglie;matched;roofSide_OuterCorner_F;0,006768;0,006768;0,032321
Q_UNRESTRICTED/FARM/10x10x5;farm;10x10x5;Q_UNRESTRICTED;DeBroglie;matched;roofTop_ext;0,006768;0,006768;0,01637
Q_UNRESTRICTED/FARM/10x10x5;farm;10x10x5;Q_UNRESTRICTED;DeBroglie;matched;roofTop_int;0,006768;0,006768;0,001219
Q_UNRESTRICTED/FARM/10x10x5;farm;10x10x5;Q_UNRESTRICTED;DeBroglie;matched;WallRoof;0,006768;0,006768;0,017002
Q_UNRESTRICTED/FARM/10x10x5;farm;10x10x5;Q_UNRESTRICTED;DeBroglie;matched;grass_innerCorner;0,135364;0,135364;0,072513
Q_UNRESTRICTED/FARM/10x10x5;farm;10x10x5;Q_UNRESTRICTED;DeBroglie;matched;grass_outerCorner;0,135364;0,135364;0,013579
Q_UNRESTRICTED/FARM/10x10x5;farm;10x10x5;Q_UNRESTRICTED;DeBroglie;matched;grass_side;0,135364;0,135364;0,040079
Q_UNRESTRICTED/FARM/10x10x5;farm;10x10x5;Q_UNRESTRICTED;DeBroglie;matched;sand;0,042301;0,042301;0,004508
Q_UNRESTRICTED/FARM/10x10x5;farm;10x10x5;Q_UNRESTRICTED;DeBroglie;matched;cliff_corner;0,006768;0,006768;0,03058
Q_UNRESTRICTED/FARM/10x10x5;farm;10x10x5;Q_UNRESTRICTED;DeBroglie;matched;cliff;0,006768;0,006768;0,09095
Q_UNRESTRICTED/FARM/10x10x5;farm;10x10x5;Q_UNRESTRICTED;DeBroglie;matched;cliff_corner_top;0,006768;0,006768;0,031673
Q_UNRESTRICTED/FARM/10x10x5;farm;10x10x5;Q_UNRESTRICTED;DeBroglie;matched;cliff_border;0,006768;0,006768;0,096561
Q_UNRESTRICTED/FARM/10x10x5;farm;10x10x5;Q_UNRESTRICTED;DeBroglie;matched;hayBale;0,01692;0,01692;0,020596
Q_UNRESTRICTED/FARM/10x10x5;farm;10x10x5;Q_UNRESTRICTED;DeBroglie;matched;siloBase;0,033841;0,033841;0,059974
Q_UNRESTRICTED/FARM/10x10x5;farm;10x10x5;Q_UNRESTRICTED;DeBroglie;matched;siloMiddle;0,006768;0,006768;0,097281
Q_UNRESTRICTED/FARM/10x10x5;farm;10x10x5;Q_UNRESTRICTED;DeBroglie;matched;siloTop;0,006768;0,006768;0,047204
Q_UNRESTRICTED/FARM/10x10x5;farm;10x10x5;Q_UNRESTRICTED;DeBroglie;matched;wallDoor;0,006768;0,006768;0,002097
Q_UNRESTRICTED/FARM/10x10x5;farm;10x10x5;Q_UNRESTRICTED;DeBroglie;matched;fence;0,135364;0,135364;0,022356
Q_UNRESTRICTED/FARM/10x10x5;farm;10x10x5;Q_UNRESTRICTED;DeBroglie;matched;fenceCorner;0,033841;0,033841;0,003365
Q_UNRESTRICTED/FARM/20x20x5;farm;20x20x5;Q_UNRESTRICTED;ThisWork;heap;wall;0,033841;0,033841;0,009285
Q_UNRESTRICTED/FARM/20x20x5;farm;20x20x5;Q_UNRESTRICTED;ThisWork;heap;wall_outerCorner;0,006768;0,006768;0,064961
Q_UNRESTRICTED/FARM/20x20x5;farm;20x20x5;Q_UNRESTRICTED;ThisWork;heap;wall_window;0,033841;0,033841;0,009317
Q_UNRESTRICTED/FARM/20x20x5;farm;20x20x5;Q_UNRESTRICTED;ThisWork;heap;grass;0,169205;0,169205;0,2207
Q_UNRESTRICTED/FARM/20x20x5;farm;20x20x5;Q_UNRESTRICTED;ThisWork;heap;roofSide;0,006768;0,006768;0,002371
Q_UNRESTRICTED/FARM/20x20x5;farm;20x20x5;Q_UNRESTRICTED;ThisWork;heap;roofSide_OuterCorner;0,006768;0,006768;0,032411
Q_UNRESTRICTED/FARM/20x20x5;farm;20x20x5;Q_UNRESTRICTED;ThisWork;heap;roofSide_OuterCorner_F;0,006768;0,006768;0,032479
Q_UNRESTRICTED/FARM/20x20x5;farm;20x20x5;Q_UNRESTRICTED;ThisWork;heap;roofTop_ext;0,006768;0,006768;0,017898
Q_UNRESTRICTED/FARM/20x20x5;farm;20x20x5;Q_UNRESTRICTED;ThisWork;heap;roofTop_int;0,006768;0,006768;0,00071
Q_UNRESTRICTED/FARM/20x20x5;farm;20x20x5;Q_UNRESTRICTED;ThisWork;heap;WallRoof;0,006768;0,006768;0,017968
Q_UNRESTRICTED/FARM/20x20x5;farm;20x20x5;Q_UNRESTRICTED;ThisWork;heap;grass_innerCorner;0,135364;0,135364;0,087679
Q_UNRESTRICTED/FARM/20x20x5;farm;20x20x5;Q_UNRESTRICTED;ThisWork;heap;grass_outerCorner;0,135364;0,135364;0,018054
Q_UNRESTRICTED/FARM/20x20x5;farm;20x20x5;Q_UNRESTRICTED;ThisWork;heap;grass_side;0,135364;0,135364;0,040113
Q_UNRESTRICTED/FARM/20x20x5;farm;20x20x5;Q_UNRESTRICTED;ThisWork;heap;sand;0,042301;0,042301;0,004882
Q_UNRESTRICTED/FARM/20x20x5;farm;20x20x5;Q_UNRESTRICTED;ThisWork;heap;cliff_corner;0,006768;0,006768;0,024003
Q_UNRESTRICTED/FARM/20x20x5;farm;20x20x5;Q_UNRESTRICTED;ThisWork;heap;cliff;0,006768;0,006768;0,060699
Q_UNRESTRICTED/FARM/20x20x5;farm;20x20x5;Q_UNRESTRICTED;ThisWork;heap;cliff_corner_top;0,006768;0,006768;0,023936
Q_UNRESTRICTED/FARM/20x20x5;farm;20x20x5;Q_UNRESTRICTED;ThisWork;heap;cliff_border;0,006768;0,006768;0,060632
Q_UNRESTRICTED/FARM/20x20x5;farm;20x20x5;Q_UNRESTRICTED;ThisWork;heap;hayBale;0,01692;0,01692;0,022124
Q_UNRESTRICTED/FARM/20x20x5;farm;20x20x5;Q_UNRESTRICTED;ThisWork;heap;siloBase;0,033841;0,033841;0,075704
Q_UNRESTRICTED/FARM/20x20x5;farm;20x20x5;Q_UNRESTRICTED;ThisWork;heap;siloMiddle;0,006768;0,006768;0,107193
Q_UNRESTRICTED/FARM/20x20x5;farm;20x20x5;Q_UNRESTRICTED;ThisWork;heap;siloTop;0,006768;0,006768;0,051181
Q_UNRESTRICTED/FARM/20x20x5;farm;20x20x5;Q_UNRESTRICTED;ThisWork;heap;wallDoor;0,006768;0,006768;0,001808
Q_UNRESTRICTED/FARM/20x20x5;farm;20x20x5;Q_UNRESTRICTED;ThisWork;heap;fence;0,135364;0,135364;0,011118
Q_UNRESTRICTED/FARM/20x20x5;farm;20x20x5;Q_UNRESTRICTED;ThisWork;heap;fenceCorner;0,033841;0,033841;0,002773
Q_UNRESTRICTED/FARM/20x20x5;farm;20x20x5;Q_UNRESTRICTED;Gumin;simple-tiled-3d;wall;0,033841;0,033841;0,010217
Q_UNRESTRICTED/FARM/20x20x5;farm;20x20x5;Q_UNRESTRICTED;Gumin;simple-tiled-3d;wall_outerCorner;0,006768;0,006768;0,069346
Q_UNRESTRICTED/FARM/20x20x5;farm;20x20x5;Q_UNRESTRICTED;Gumin;simple-tiled-3d;wall_window;0,033841;0,033841;0,009639
Q_UNRESTRICTED/FARM/20x20x5;farm;20x20x5;Q_UNRESTRICTED;Gumin;simple-tiled-3d;grass;0,169205;0,169205;0,224758
Q_UNRESTRICTED/FARM/20x20x5;farm;20x20x5;Q_UNRESTRICTED;Gumin;simple-tiled-3d;roofSide;0,006768;0,006768;0,003235
Q_UNRESTRICTED/FARM/20x20x5;farm;20x20x5;Q_UNRESTRICTED;Gumin;simple-tiled-3d;roofSide_OuterCorner;0,006768;0,006768;0,034589
Q_UNRESTRICTED/FARM/20x20x5;farm;20x20x5;Q_UNRESTRICTED;Gumin;simple-tiled-3d;roofSide_OuterCorner_F;0,006768;0,006768;0,03462
Q_UNRESTRICTED/FARM/20x20x5;farm;20x20x5;Q_UNRESTRICTED;Gumin;simple-tiled-3d;roofTop_ext;0,006768;0,006768;0,018645
Q_UNRESTRICTED/FARM/20x20x5;farm;20x20x5;Q_UNRESTRICTED;Gumin;simple-tiled-3d;roofTop_int;0,006768;0,006768;0,001088
Q_UNRESTRICTED/FARM/20x20x5;farm;20x20x5;Q_UNRESTRICTED;Gumin;simple-tiled-3d;WallRoof;0,006768;0,006768;0,018762
Q_UNRESTRICTED/FARM/20x20x5;farm;20x20x5;Q_UNRESTRICTED;Gumin;simple-tiled-3d;grass_innerCorner;0,135364;0,135364;0,08808
Q_UNRESTRICTED/FARM/20x20x5;farm;20x20x5;Q_UNRESTRICTED;Gumin;simple-tiled-3d;grass_outerCorner;0,135364;0,135364;0,018097
Q_UNRESTRICTED/FARM/20x20x5;farm;20x20x5;Q_UNRESTRICTED;Gumin;simple-tiled-3d;grass_side;0,135364;0,135364;0,044844
Q_UNRESTRICTED/FARM/20x20x5;farm;20x20x5;Q_UNRESTRICTED;Gumin;simple-tiled-3d;sand;0,042301;0,042301;0,005339
Q_UNRESTRICTED/FARM/20x20x5;farm;20x20x5;Q_UNRESTRICTED;Gumin;simple-tiled-3d;cliff_corner;0,006768;0,006768;0,023528
Q_UNRESTRICTED/FARM/20x20x5;farm;20x20x5;Q_UNRESTRICTED;Gumin;simple-tiled-3d;cliff;0,006768;0,006768;0,049139
Q_UNRESTRICTED/FARM/20x20x5;farm;20x20x5;Q_UNRESTRICTED;Gumin;simple-tiled-3d;cliff_corner_top;0,006768;0,006768;0,023528
Q_UNRESTRICTED/FARM/20x20x5;farm;20x20x5;Q_UNRESTRICTED;Gumin;simple-tiled-3d;cliff_border;0,006768;0,006768;0,049719
Q_UNRESTRICTED/FARM/20x20x5;farm;20x20x5;Q_UNRESTRICTED;Gumin;simple-tiled-3d;hayBale;0,01692;0,01692;0,022343
Q_UNRESTRICTED/FARM/20x20x5;farm;20x20x5;Q_UNRESTRICTED;Gumin;simple-tiled-3d;siloBase;0,033841;0,033841;0,072114
Q_UNRESTRICTED/FARM/20x20x5;farm;20x20x5;Q_UNRESTRICTED;Gumin;simple-tiled-3d;siloMiddle;0,006768;0,006768;0,106313
Q_UNRESTRICTED/FARM/20x20x5;farm;20x20x5;Q_UNRESTRICTED;Gumin;simple-tiled-3d;siloTop;0,006768;0,006768;0,048558
Q_UNRESTRICTED/FARM/20x20x5;farm;20x20x5;Q_UNRESTRICTED;Gumin;simple-tiled-3d;wallDoor;0,006768;0,006768;0,002211
Q_UNRESTRICTED/FARM/20x20x5;farm;20x20x5;Q_UNRESTRICTED;Gumin;simple-tiled-3d;fence;0,135364;0,135364;0,017617
Q_UNRESTRICTED/FARM/20x20x5;farm;20x20x5;Q_UNRESTRICTED;Gumin;simple-tiled-3d;fenceCorner;0,033841;0,033841;0,003672
Q_UNRESTRICTED/FARM/20x20x5;farm;20x20x5;Q_UNRESTRICTED;DeBroglie;matched;wall;0,033841;0,033841;0,009724
Q_UNRESTRICTED/FARM/20x20x5;farm;20x20x5;Q_UNRESTRICTED;DeBroglie;matched;wall_outerCorner;0,006768;0,006768;0,068861
Q_UNRESTRICTED/FARM/20x20x5;farm;20x20x5;Q_UNRESTRICTED;DeBroglie;matched;wall_window;0,033841;0,033841;0,010134
Q_UNRESTRICTED/FARM/20x20x5;farm;20x20x5;Q_UNRESTRICTED;DeBroglie;matched;grass;0,169205;0,169205;0,211739
Q_UNRESTRICTED/FARM/20x20x5;farm;20x20x5;Q_UNRESTRICTED;DeBroglie;matched;roofSide;0,006768;0,006768;0,004105
Q_UNRESTRICTED/FARM/20x20x5;farm;20x20x5;Q_UNRESTRICTED;DeBroglie;matched;roofSide_OuterCorner;0,006768;0,006768;0,034385
Q_UNRESTRICTED/FARM/20x20x5;farm;20x20x5;Q_UNRESTRICTED;DeBroglie;matched;roofSide_OuterCorner_F;0,006768;0,006768;0,034335
Q_UNRESTRICTED/FARM/20x20x5;farm;20x20x5;Q_UNRESTRICTED;DeBroglie;matched;roofTop_ext;0,006768;0,006768;0,017739
Q_UNRESTRICTED/FARM/20x20x5;farm;20x20x5;Q_UNRESTRICTED;DeBroglie;matched;roofTop_int;0,006768;0,006768;0,001266
Q_UNRESTRICTED/FARM/20x20x5;farm;20x20x5;Q_UNRESTRICTED;DeBroglie;matched;WallRoof;0,006768;0,006768;0,017814
Q_UNRESTRICTED/FARM/20x20x5;farm;20x20x5;Q_UNRESTRICTED;DeBroglie;matched;grass_innerCorner;0,135364;0,135364;0,082702
Q_UNRESTRICTED/FARM/20x20x5;farm;20x20x5;Q_UNRESTRICTED;DeBroglie;matched;grass_outerCorner;0,135364;0,135364;0,019008
Q_UNRESTRICTED/FARM/20x20x5;farm;20x20x5;Q_UNRESTRICTED;DeBroglie;matched;grass_side;0,135364;0,135364;0,040942
Q_UNRESTRICTED/FARM/20x20x5;farm;20x20x5;Q_UNRESTRICTED;DeBroglie;matched;sand;0,042301;0,042301;0,005476
Q_UNRESTRICTED/FARM/20x20x5;farm;20x20x5;Q_UNRESTRICTED;DeBroglie;matched;cliff_corner;0,006768;0,006768;0,025343
Q_UNRESTRICTED/FARM/20x20x5;farm;20x20x5;Q_UNRESTRICTED;DeBroglie;matched;cliff;0,006768;0,006768;0,053384
Q_UNRESTRICTED/FARM/20x20x5;farm;20x20x5;Q_UNRESTRICTED;DeBroglie;matched;cliff_corner_top;0,006768;0,006768;0,025343
Q_UNRESTRICTED/FARM/20x20x5;farm;20x20x5;Q_UNRESTRICTED;DeBroglie;matched;cliff_border;0,006768;0,006768;0,053384
Q_UNRESTRICTED/FARM/20x20x5;farm;20x20x5;Q_UNRESTRICTED;DeBroglie;matched;hayBale;0,01692;0,01692;0,021286
Q_UNRESTRICTED/FARM/20x20x5;farm;20x20x5;Q_UNRESTRICTED;DeBroglie;matched;siloBase;0,033841;0,033841;0,075673
Q_UNRESTRICTED/FARM/20x20x5;farm;20x20x5;Q_UNRESTRICTED;DeBroglie;matched;siloMiddle;0,006768;0,006768;0,1114
Q_UNRESTRICTED/FARM/20x20x5;farm;20x20x5;Q_UNRESTRICTED;DeBroglie;matched;siloTop;0,006768;0,006768;0,052781
Q_UNRESTRICTED/FARM/20x20x5;farm;20x20x5;Q_UNRESTRICTED;DeBroglie;matched;wallDoor;0,006768;0,006768;0,002131
Q_UNRESTRICTED/FARM/20x20x5;farm;20x20x5;Q_UNRESTRICTED;DeBroglie;matched;fence;0,135364;0,135364;0,018411
Q_UNRESTRICTED/FARM/20x20x5;farm;20x20x5;Q_UNRESTRICTED;DeBroglie;matched;fenceCorner;0,033841;0,033841;0,002632
Q_UNRESTRICTED/FARM/30x30x5;farm;30x30x5;Q_UNRESTRICTED;ThisWork;heap;wall;0,033841;0,033841;0,010199
Q_UNRESTRICTED/FARM/30x30x5;farm;30x30x5;Q_UNRESTRICTED;ThisWork;heap;wall_outerCorner;0,006768;0,006768;0,069964
Q_UNRESTRICTED/FARM/30x30x5;farm;30x30x5;Q_UNRESTRICTED;ThisWork;heap;wall_window;0,033841;0,033841;0,009634
Q_UNRESTRICTED/FARM/30x30x5;farm;30x30x5;Q_UNRESTRICTED;ThisWork;heap;grass;0,169205;0,169205;0,223187
Q_UNRESTRICTED/FARM/30x30x5;farm;30x30x5;Q_UNRESTRICTED;ThisWork;heap;roofSide;0,006768;0,006768;0,002263
Q_UNRESTRICTED/FARM/30x30x5;farm;30x30x5;Q_UNRESTRICTED;ThisWork;heap;roofSide_OuterCorner;0,006768;0,006768;0,03491
Q_UNRESTRICTED/FARM/30x30x5;farm;30x30x5;Q_UNRESTRICTED;ThisWork;heap;roofSide_OuterCorner_F;0,006768;0,006768;0,034935
Q_UNRESTRICTED/FARM/30x30x5;farm;30x30x5;Q_UNRESTRICTED;ThisWork;heap;roofTop_ext;0,006768;0,006768;0,019299
Q_UNRESTRICTED/FARM/30x30x5;farm;30x30x5;Q_UNRESTRICTED;ThisWork;heap;roofTop_int;0,006768;0,006768;0,000558
Q_UNRESTRICTED/FARM/30x30x5;farm;30x30x5;Q_UNRESTRICTED;ThisWork;heap;WallRoof;0,006768;0,006768;0,019363
Q_UNRESTRICTED/FARM/30x30x5;farm;30x30x5;Q_UNRESTRICTED;ThisWork;heap;grass_innerCorner;0,135364;0,135364;0,088613
Q_UNRESTRICTED/FARM/30x30x5;farm;30x30x5;Q_UNRESTRICTED;ThisWork;heap;grass_outerCorner;0,135364;0,135364;0,019957
Q_UNRESTRICTED/FARM/30x30x5;farm;30x30x5;Q_UNRESTRICTED;ThisWork;heap;grass_side;0,135364;0,135364;0,046022
Q_UNRESTRICTED/FARM/30x30x5;farm;30x30x5;Q_UNRESTRICTED;ThisWork;heap;sand;0,042301;0,042301;0,005694
Q_UNRESTRICTED/FARM/30x30x5;farm;30x30x5;Q_UNRESTRICTED;ThisWork;heap;cliff_corner;0,006768;0,006768;0,026357
Q_UNRESTRICTED/FARM/30x30x5;farm;30x30x5;Q_UNRESTRICTED;ThisWork;heap;cliff;0,006768;0,006768;0,051693
Q_UNRESTRICTED/FARM/30x30x5;farm;30x30x5;Q_UNRESTRICTED;ThisWork;heap;cliff_corner_top;0,006768;0,006768;0,026357
Q_UNRESTRICTED/FARM/30x30x5;farm;30x30x5;Q_UNRESTRICTED;ThisWork;heap;cliff_border;0,006768;0,006768;0,051693
Q_UNRESTRICTED/FARM/30x30x5;farm;30x30x5;Q_UNRESTRICTED;ThisWork;heap;hayBale;0,01692;0,01692;0,022529
Q_UNRESTRICTED/FARM/30x30x5;farm;30x30x5;Q_UNRESTRICTED;ThisWork;heap;siloBase;0,033841;0,033841;0,071495
Q_UNRESTRICTED/FARM/30x30x5;farm;30x30x5;Q_UNRESTRICTED;ThisWork;heap;siloMiddle;0,006768;0,006768;0,106951
Q_UNRESTRICTED/FARM/30x30x5;farm;30x30x5;Q_UNRESTRICTED;ThisWork;heap;siloTop;0,006768;0,006768;0,048943
Q_UNRESTRICTED/FARM/30x30x5;farm;30x30x5;Q_UNRESTRICTED;ThisWork;heap;wallDoor;0,006768;0,006768;0,001852
Q_UNRESTRICTED/FARM/30x30x5;farm;30x30x5;Q_UNRESTRICTED;ThisWork;heap;fence;0,135364;0,135364;0,00665
Q_UNRESTRICTED/FARM/30x30x5;farm;30x30x5;Q_UNRESTRICTED;ThisWork;heap;fenceCorner;0,033841;0,033841;0,000881
Q_UNRESTRICTED/FARM/30x30x5;farm;30x30x5;Q_UNRESTRICTED;Gumin;simple-tiled-3d;wall;0,033841;0,033841;0,009859
Q_UNRESTRICTED/FARM/30x30x5;farm;30x30x5;Q_UNRESTRICTED;Gumin;simple-tiled-3d;wall_outerCorner;0,006768;0,006768;0,06819
Q_UNRESTRICTED/FARM/30x30x5;farm;30x30x5;Q_UNRESTRICTED;Gumin;simple-tiled-3d;wall_window;0,033841;0,033841;0,009852
Q_UNRESTRICTED/FARM/30x30x5;farm;30x30x5;Q_UNRESTRICTED;Gumin;simple-tiled-3d;grass;0,169205;0,169205;0,215975
Q_UNRESTRICTED/FARM/30x30x5;farm;30x30x5;Q_UNRESTRICTED;Gumin;simple-tiled-3d;roofSide;0,006768;0,006768;0,002784
Q_UNRESTRICTED/FARM/30x30x5;farm;30x30x5;Q_UNRESTRICTED;Gumin;simple-tiled-3d;roofSide_OuterCorner;0,006768;0,006768;0,03408
Q_UNRESTRICTED/FARM/30x30x5;farm;30x30x5;Q_UNRESTRICTED;Gumin;simple-tiled-3d;roofSide_OuterCorner_F;0,006768;0,006768;0,034064
Q_UNRESTRICTED/FARM/30x30x5;farm;30x30x5;Q_UNRESTRICTED;Gumin;simple-tiled-3d;roofTop_ext;0,006768;0,006768;0,01888
Q_UNRESTRICTED/FARM/30x30x5;farm;30x30x5;Q_UNRESTRICTED;Gumin;simple-tiled-3d;roofTop_int;0,006768;0,006768;0,000743
Q_UNRESTRICTED/FARM/30x30x5;farm;30x30x5;Q_UNRESTRICTED;Gumin;simple-tiled-3d;WallRoof;0,006768;0,006768;0,01886
Q_UNRESTRICTED/FARM/30x30x5;farm;30x30x5;Q_UNRESTRICTED;Gumin;simple-tiled-3d;grass_innerCorner;0,135364;0,135364;0,081986
Q_UNRESTRICTED/FARM/30x30x5;farm;30x30x5;Q_UNRESTRICTED;Gumin;simple-tiled-3d;grass_outerCorner;0,135364;0,135364;0,016282
Q_UNRESTRICTED/FARM/30x30x5;farm;30x30x5;Q_UNRESTRICTED;Gumin;simple-tiled-3d;grass_side;0,135364;0,135364;0,041248
Q_UNRESTRICTED/FARM/30x30x5;farm;30x30x5;Q_UNRESTRICTED;Gumin;simple-tiled-3d;sand;0,042301;0,042301;0,004615
Q_UNRESTRICTED/FARM/30x30x5;farm;30x30x5;Q_UNRESTRICTED;Gumin;simple-tiled-3d;cliff_corner;0,006768;0,006768;0,025228
Q_UNRESTRICTED/FARM/30x30x5;farm;30x30x5;Q_UNRESTRICTED;Gumin;simple-tiled-3d;cliff;0,006768;0,006768;0,055633
Q_UNRESTRICTED/FARM/30x30x5;farm;30x30x5;Q_UNRESTRICTED;Gumin;simple-tiled-3d;cliff_corner_top;0,006768;0,006768;0,025293
Q_UNRESTRICTED/FARM/30x30x5;farm;30x30x5;Q_UNRESTRICTED;Gumin;simple-tiled-3d;cliff_border;0,006768;0,006768;0,056872
Q_UNRESTRICTED/FARM/30x30x5;farm;30x30x5;Q_UNRESTRICTED;Gumin;simple-tiled-3d;hayBale;0,01692;0,01692;0,021398
Q_UNRESTRICTED/FARM/30x30x5;farm;30x30x5;Q_UNRESTRICTED;Gumin;simple-tiled-3d;siloBase;0,033841;0,033841;0,077091
Q_UNRESTRICTED/FARM/30x30x5;farm;30x30x5;Q_UNRESTRICTED;Gumin;simple-tiled-3d;siloMiddle;0,006768;0,006768;0,121191
Q_UNRESTRICTED/FARM/30x30x5;farm;30x30x5;Q_UNRESTRICTED;Gumin;simple-tiled-3d;siloTop;0,006768;0,006768;0,054057
Q_UNRESTRICTED/FARM/30x30x5;farm;30x30x5;Q_UNRESTRICTED;Gumin;simple-tiled-3d;wallDoor;0,006768;0,006768;0,001969
Q_UNRESTRICTED/FARM/30x30x5;farm;30x30x5;Q_UNRESTRICTED;Gumin;simple-tiled-3d;fence;0,135364;0,135364;0,00349
Q_UNRESTRICTED/FARM/30x30x5;farm;30x30x5;Q_UNRESTRICTED;Gumin;simple-tiled-3d;fenceCorner;0,033841;0,033841;0,000359
Q_UNRESTRICTED/FARM/30x30x5;farm;30x30x5;Q_UNRESTRICTED;DeBroglie;matched;wall;0,033841;0,033841;0,009601
Q_UNRESTRICTED/FARM/30x30x5;farm;30x30x5;Q_UNRESTRICTED;DeBroglie;matched;wall_outerCorner;0,006768;0,006768;0,06998
Q_UNRESTRICTED/FARM/30x30x5;farm;30x30x5;Q_UNRESTRICTED;DeBroglie;matched;wall_window;0,033841;0,033841;0,009343
Q_UNRESTRICTED/FARM/30x30x5;farm;30x30x5;Q_UNRESTRICTED;DeBroglie;matched;grass;0,169205;0,169205;0,224804
Q_UNRESTRICTED/FARM/30x30x5;farm;30x30x5;Q_UNRESTRICTED;DeBroglie;matched;roofSide;0,006768;0,006768;0,002473
Q_UNRESTRICTED/FARM/30x30x5;farm;30x30x5;Q_UNRESTRICTED;DeBroglie;matched;roofSide_OuterCorner;0,006768;0,006768;0,034993
Q_UNRESTRICTED/FARM/30x30x5;farm;30x30x5;Q_UNRESTRICTED;DeBroglie;matched;roofSide_OuterCorner_F;0,006768;0,006768;0,034987
Q_UNRESTRICTED/FARM/30x30x5;farm;30x30x5;Q_UNRESTRICTED;DeBroglie;matched;roofTop_ext;0,006768;0,006768;0,018332
Q_UNRESTRICTED/FARM/30x30x5;farm;30x30x5;Q_UNRESTRICTED;DeBroglie;matched;roofTop_int;0,006768;0,006768;0,000825
Q_UNRESTRICTED/FARM/30x30x5;farm;30x30x5;Q_UNRESTRICTED;DeBroglie;matched;WallRoof;0,006768;0,006768;0,018396
Q_UNRESTRICTED/FARM/30x30x5;farm;30x30x5;Q_UNRESTRICTED;DeBroglie;matched;grass_innerCorner;0,135364;0,135364;0,09999
Q_UNRESTRICTED/FARM/30x30x5;farm;30x30x5;Q_UNRESTRICTED;DeBroglie;matched;grass_outerCorner;0,135364;0,135364;0,023069
Q_UNRESTRICTED/FARM/30x30x5;farm;30x30x5;Q_UNRESTRICTED;DeBroglie;matched;grass_side;0,135364;0,135364;0,049721
Q_UNRESTRICTED/FARM/30x30x5;farm;30x30x5;Q_UNRESTRICTED;DeBroglie;matched;sand;0,042301;0,042301;0,005898
Q_UNRESTRICTED/FARM/30x30x5;farm;30x30x5;Q_UNRESTRICTED;DeBroglie;matched;cliff_corner;0,006768;0,006768;0,023823
Q_UNRESTRICTED/FARM/30x30x5;farm;30x30x5;Q_UNRESTRICTED;DeBroglie;matched;cliff;0,006768;0,006768;0,036268
Q_UNRESTRICTED/FARM/30x30x5;farm;30x30x5;Q_UNRESTRICTED;DeBroglie;matched;cliff_corner_top;0,006768;0,006768;0,023823
Q_UNRESTRICTED/FARM/30x30x5;farm;30x30x5;Q_UNRESTRICTED;DeBroglie;matched;cliff_border;0,006768;0,006768;0,036268
Q_UNRESTRICTED/FARM/30x30x5;farm;30x30x5;Q_UNRESTRICTED;DeBroglie;matched;hayBale;0,01692;0,01692;0,021774
Q_UNRESTRICTED/FARM/30x30x5;farm;30x30x5;Q_UNRESTRICTED;DeBroglie;matched;siloBase;0,033841;0,033841;0,079437
Q_UNRESTRICTED/FARM/30x30x5;farm;30x30x5;Q_UNRESTRICTED;DeBroglie;matched;siloMiddle;0,006768;0,006768;0,112032
Q_UNRESTRICTED/FARM/30x30x5;farm;30x30x5;Q_UNRESTRICTED;DeBroglie;matched;siloTop;0,006768;0,006768;0,053173
Q_UNRESTRICTED/FARM/30x30x5;farm;30x30x5;Q_UNRESTRICTED;DeBroglie;matched;wallDoor;0,006768;0,006768;0,001925
Q_UNRESTRICTED/FARM/30x30x5;farm;30x30x5;Q_UNRESTRICTED;DeBroglie;matched;fence;0,135364;0,135364;0,007998
Q_UNRESTRICTED/FARM/30x30x5;farm;30x30x5;Q_UNRESTRICTED;DeBroglie;matched;fenceCorner;0,033841;0,033841;0,001065
