config_id;benchmark;level_id;level_order;tileset;size_label;dim_x;dim_y;dim_z;total_cells;solver;solver_variant;n_runs;runs_solved;n_attempts_total;contradictions_total;contradictions_init;contradictions_search;success_rate_first_attempt;success_first_ci95_lo;success_first_ci95_hi;success_rate_pooled_attempts;effective_free_cells;solver_csp_cells;undecided_after_init_mean;decisions_mean;t_solve_sum_ms;t_solve_mean_ms;t_solve_median_ms;t_solve_q1_ms;t_solve_q3_ms;t_solve_iqr_ms;t_solve_sd_ms;t_solve_min_ms;t_solve_max_ms;t_success_attempt_mean_ms;t_success_attempt_median_ms;t_init_total_median_ms;t_search_total_median_ms;t_failed_attempt_mean_ms;time_per_free_cell_mean_us;time_per_free_cell_median_us;success_attempt_per_free_cell_median_us;warmup_run_times_ms;measured_run0_ms;all_solutions_valid
A_UNRESTRICTED/NATURE/10x10x5;A;A_UNRESTRICTED;0;nature;10x10x5;10;5;10;500;ThisWork;heap;50;50;50;0;0;0;1;0,928652;1;1;500;500;500;119,14;313,1812;6,263624;6,25755;6,20105;6,31055;0,1095;0,087289;6,083;6,5016;6,263624;6,25755;0,7049;5,53065;;12,527248;12,5151;12,5151;7,9684|6,2574|6,1752;6,2665;1
A_UNRESTRICTED/NATURE/10x10x5;A;A_UNRESTRICTED;0;nature;10x10x5;10;5;10;500;Gumin;simple-tiled-3d;50;50;51;1;0;1;0,98;0,895046;0,996461;0,980392;500;500;500;121,82;349,4449;6,988898;6,9119;6,831;6,989;0,158;0,590797;6,6618;10,9884;6,905842;6,9065;0,7914;6,1139;4,1528;13,977796;13,8238;13,813;8,0332|6,8669|7,1432;6,8451;1
A_UNRESTRICTED/NATURE/10x10x5;A;A_UNRESTRICTED;0;nature;10x10x5;10;5;10;500;DeBroglie;matched;50;50;51;1;0;1;0,98;0,895046;0,996461;0,980392;500;500;500;120,88;634,1638;12,683276;12,46995;12,335725;12,613275;0,27755;1,48452;12,0227;22,8716;12,478732;12,46995;0,71905;11,74775;10,2272;25,366552;24,9399;24,9399;16,6164|12,5111|12,2912;12,6151;1
A_UNRESTRICTED/NATURE/20x20x5;A;A_UNRESTRICTED;0;nature;20x20x5;20;5;20;2000;ThisWork;heap;50;50;50;0;0;0;1;0,928652;1;1;2000;2000;2000;463,56;1283,8366;25,676732;25,6639;25,52185;25,7825;0,26065;0,225339;25,2347;26,4123;25,676732;25,6639;2,8413;22,8025;;12,838366;12,83195;12,83195;26,3516|25,9218|25,6927;25,6606;1
A_UNRESTRICTED/NATURE/20x20x5;A;A_UNRESTRICTED;0;nature;20x20x5;20;5;20;2000;Gumin;simple-tiled-3d;50;50;52;2;0;2;0,96;0,865399;0,988961;0,961538;2000;2000;2000;458,92;1488,9547;29,779094;29,1842;28,9866;29,459275;0,472675;2,945975;28,1776;46,2932;29,201842;29,16085;3,1751;26,0094;14,4313;14,889547;14,5921;14,580425;29,4375|29,7089|29,685;29,1539;1
A_UNRESTRICTED/NATURE/20x20x5;A;A_UNRESTRICTED;0;nature;20x20x5;20;5;20;2000;DeBroglie;matched;50;50;50;0;0;0;1;0,928652;1;1;2000;2000;2000;462,4;2565,4941;51,309882;51,32065;50,955275;51,57415;0,618875;0,456092;50,4212;52,4899;51,309882;51,32065;2,84225;48,40105;;25,654941;25,660325;25,660325;52,0283|52,8494|51,8744;51,1862;1
A_UNRESTRICTED/NATURE/30x30x5;A;A_UNRESTRICTED;0;nature;30x30x5;30;5;30;4500;ThisWork;heap;50;50;50;0;0;0;1;0,928652;1;1;4500;4500;4500;1028,28;2908,5713;58,171426;58,1123;57,88725;58,378425;0,491175;0,399857;57,4609;59,5359;58,171426;58,1123;6,27515;51,79545;;12,926984;12,913844;12,913844;58,037|57,9636|57,9473;58,0548;1
A_UNRESTRICTED/NATURE/30x30x5;A;A_UNRESTRICTED;0;nature;30x30x5;30;5;30;4500;Gumin;simple-tiled-3d;50;50;52;2;0;2;0,96;0,865399;0,988961;0,961538;4500;4500;4500;1013,06;3504,7579;70,095158;68,94085;68,571575;69,47615;0,904575;6,40426;67,1457;112,8773;68,984022;68,8953;7,2162;61,78675;27,7784;15,576702;15,320189;15,310067;69,5478|69,2011|68,7312;68,9031;1
A_UNRESTRICTED/NATURE/30x30x5;A;A_UNRESTRICTED;0;nature;30x30x5;30;5;30;4500;DeBroglie;matched;50;50;52;2;0;2;0,96;0,865399;0,988961;0,961538;4500;4500;4500;1003,74;5946,4223;118,928446;116,7194;115,892125;117,183075;1,29095;14,259923;114,7532;215,3282;116,526778;116,68965;6,4235;110,2804;60,0417;26,428544;25,937644;25,931033;118,4279|116,7506|116,1691;115,8675;1
A_UNRESTRICTED/DESERT/10x10x5;A;A_UNRESTRICTED;0;desert;10x10x5;10;5;10;500;ThisWork;heap;50;50;50;0;0;0;1;0,928652;1;1;500;500;500;90,18;93,0374;1,860748;1,85395;1,83415;1,883925;0,049775;0,036761;1,801;2,0066;1,860748;1,85395;0,33185;1,51665;;3,721496;3,7079;3,7079;1,8544|1,8354|1,868;1,8281;1
A_UNRESTRICTED/DESERT/10x10x5;A;A_UNRESTRICTED;0;desert;10x10x5;10;5;10;500;Gumin;simple-tiled-3d;50;50;50;0;0;0;1;0,928652;1;1;500;500;500;88,44;97,3563;1,947126;1,94255;1,916675;1,9728;0,056125;0,0466;1,8631;2,0934;1,947126;1,94255;0,35545;1,5864;;3,894252;3,8851;3,8851;1,9783|1,9733|1,9478;1,9903;1
A_UNRESTRICTED/DESERT/10x10x5;A;A_UNRESTRICTED;0;desert;10x10x5;10;5;10;500;DeBroglie;matched;50;50;50;0;0;0;1;0,928652;1;1;500;500;500;87,72;207,2953;4,145906;4,13385;4,0873;4,1865;0,0992;0,080483;4,0241;4,387;4,145906;4,13385;0,40115;3,72755;;8,291812;8,2677;8,2677;4,2936|4,2143|4,1547;4,0345;1
A_UNRESTRICTED/DESERT/20x20x5;A;A_UNRESTRICTED;0;desert;20x20x5;20;5;20;2000;ThisWork;heap;50;50;50;0;0;0;1;0,928652;1;1;2000;2000;2000;333,38;367,7368;7,354736;7,32785;7,29255;7,41525;0,1227;0,092544;7,1873;7,585;7,354736;7,32785;1,29345;6,0333;;3,677368;3,663925;3,663925;7,4799|7,4565|7,3723;7,3342;1
A_UNRESTRICTED/DESERT/20x20x5;A;A_UNRESTRICTED;0;desert;20x20x5;20;5;20;2000;Gumin;simple-tiled-3d;50;50;50;0;0;0;1;0,928652;1;1;2000;2000;2000;347,8;416,1741;8,323482;8,3307;8,18735;8,469675;0,282325;0,199331;7,7291;8,6152;8,323482;8,3307;1,41835;6,92315;;4,161741;4,16535;4,16535;8,2302|8,3517|8,2065;8,5575;1
A_UNRESTRICTED/DESERT/20x20x5;A;A_UNRESTRICTED;0;desert;20x20x5;20;5;20;2000;DeBroglie;matched;50;50;50;0;0;0;1;0,928652;1;1;2000;2000;2000;335,16;828,6274;16,572548;16,5679;16,4581;16,677;0,2189;0,177496;16,1849;17,0411;16,572548;16,5679;1,5193;15,028;;8,286274;8,28395;8,28395;16,6875|16,6819|16,7092;16,7991;1
A_UNRESTRICTED/DESERT/30x30x5;A;A_UNRESTRICTED;0;desert;30x30x5;30;5;30;4500;ThisWork;heap;50;50;50;0;0;0;1;0,928652;1;1;4500;4500;4500;722,36;836,416;16,72832;16,7074;16,6086;16,78165;0,17305;0,203938;16,3941;17,3955;16,72832;16,7074;2,9389;13,74945;;3,717404;3,712756;3,712756;16,6579|16,8452|16,7283;17,3955;1
A_UNRESTRICTED/DESERT/30x30x5;A;A_UNRESTRICTED;0;desert;30x30x5;30;5;30;4500;Gumin;simple-tiled-3d;50;50;51;1;0;1;0,98;0,895046;0,996461;0,980392;4500;4500;4500;715,84;1042,9418;20,858836;20,474;20,192725;20,9213;0,728575;2,452909;19,2528;37,4489;20,531396;20,474;3,2082;17,2412;16,372;4,635297;4,549778;4,549778;20,5321|19,8175|20,7152;20,9611;1
A_UNRESTRICTED/DESERT/30x30x5;A;A_UNRESTRICTED;0;desert;30x30x5;30;5;30;4500;DeBroglie;matched;50;50;50;0;0;0;1;0,928652;1;1;4500;4500;4500;718,7;1871,6166;37,432332;37,4124;37,277175;37,592775;0,3156;0,316105;36,7689;38,1999;37,432332;37,4124;3,38535;33,99485;;8,318296;8,313867;8,313867;37,2084|37,6279|37,4251;38,0819;1
A_UNRESTRICTED/FARM/10x10x5;A;A_UNRESTRICTED;0;farm;10x10x5;10;5;10;500;ThisWork;heap;50;50;50;0;0;0;1;0,928652;1;1;500;500;500;219,68;319,6221;6,392442;6,3673;6,310275;6,45495;0,144675;0,111625;6,178;6,6923;6,392442;6,3673;0,8936;5,46425;;12,784884;12,7346;12,7346;6,3681|6,3454|6,3491;6,441;1
A_UNRESTRICTED/FARM/10x10x5;A;A_UNRESTRICTED;0;farm;10x10x5;10;5;10;500;Gumin;simple-tiled-3d;50;50;51;1;0;1;0,98;0,895046;0,996461;0,980392;500;500;500;221,18;375,876;7,51752;7,35925;7,2518;7,46995;0,21815;1,041035;6,9208;14,5962;7,36993;7,3489;0,9948;6,3659;7,3795;15,03504;14,7185;14,6978;7,2652|7,3531|7,9452;7,5279;1
A_UNRESTRICTED/FARM/10x10x5;A;A_UNRESTRICTED;0;farm;10x10x5;10;5;10;500;DeBroglie;matched;50;50;53;3;0;3;0,94;0,837829;0,979385;0,943396;500;500;500;231,22;692,8023;13,856046;13,1001;13,0009;13,238725;0,237825;2,767622;12,6177;25,7931;13,161762;13,07225;0,8649;12,22005;11,5714;27,712092;26,2002;26,1445;12,9981|13,047|13,1087;13,2276;1
A_UNRESTRICTED/FARM/20x20x5;A;A_UNRESTRICTED;0;farm;20x20x5;20;5;20;2000;ThisWork;heap;50;50;57;7;0;7;0,86;0,738138;0,930492;0,877193;2000;2000;2000;927,28;1417,0801;28,341602;25,8162;25,57885;26,0492;0,47035;6,787902;25,3586;51,4908;25,792266;25,79905;3,51655;22,3118;18,209543;14,170801;12,9081;12,899525;25,7993|25,8828|25,5748;26,0793;1
A_UNRESTRICTED/FARM/20x20x5;A;A_UNRESTRICTED;0;farm;20x20x5;20;5;20;2000;Gumin;simple-tiled-3d;50;50;52;2;0;2;0,96;0,865399;0,988961;0,961538;2000;2000;2000;938,38;1606,1176;32,122352;31,29715;30,86345;31,908925;1,045475;4,053396;29,3787;53,3206;31,311772;31,2651;3,93515;27,38985;20,2645;16,061176;15,648575;15,63255;31,9431|30,9029|31,2342;32,1423;1
A_UNRESTRICTED/FARM/20x20x5;A;A_UNRESTRICTED;0;farm;20x20x5;20;5;20;2000;DeBroglie;matched;50;50;56;6;0;6;0,9;0,786398;0,956524;0,892857;2000;2000;2000;951,44;2851,133;57,02266;52,8906;52,50365;53,372075;0,868425;13,684963;51,9071;118,8573;52,896156;52,834;3,42025;49,4807;34,387533;28,51133;26,4453;26,417;52,8355|90,6358|52,2686;53,1261;1
A_UNRESTRICTED/FARM/30x30x5;A;A_UNRESTRICTED;0;farm;30x30x5;30;5;30;4500;ThisWork;heap;50;50;61;11;0;11;0,8;0,669629;0,887562;0,819672;4500;4500;4500;2186,96;3328,5817;66,571634;58,77345;58,199575;59,8908;1,691225;18,822338;57,2804;153,1639;58,571024;58,45355;7,908;50,80035;36,366409;14,793696;13,060767;12,989678;58,4053|57,6679|58,1329;93,2325;1
A_UNRESTRICTED/FARM/30x30x5;A;A_UNRESTRICTED;0;farm;30x30x5;30;5;30;4500;Gumin;simple-tiled-3d;50;50;61;11;0;11;0,8;0,669629;0,887562;0,819672;4500;4500;4500;2203,42;4371,3387;87,426774;78,6222;75,19385;81,106075;5,912225;23,520371;72,7802;172,5081;77,156128;76,96485;8,9613;69,75825;46,684755;19,428172;17,4716;17,1033;75,6316|76,192|76,1888;78,8987;1
A_UNRESTRICTED/FARM/30x30x5;A;A_UNRESTRICTED;0;farm;30x30x5;30;5;30;4500;DeBroglie;matched;50;50;60;10;0;10;0,82;0,692039;0,902298;0,833333;4500;4500;4500;2103,64;6725,442;134,50884;119,8818;119,05795;121,2119;2,15395;34,816853;117,0149;233,4599;119,58167;119,56225;7,8483;111,93315;74,63585;29,890853;26,6404;26,569389;210,5613|118,6866|119,6748;118,6111;1
B0_BASELINE/NATURE/10x10x5;B;B0_BASELINE;0;nature;10x10x5;10;5;10;500;ThisWork;heap;50;50;50;0;0;0;1;0,928652;1;1;500;500;500;119,14;310,9635;6,21927;6,1953;6,171675;6,250275;0,0786;0,078875;6,0593;6,4654;6,21927;6,1953;0,7064;5,48075;;12,43854;12,3906;12,3906;6,3366|6,3073|6,3219;6,2366;1
B0_BASELINE/NATURE/10x10x5;B;B0_BASELINE;0;nature;10x10x5;10;5;10;500;DeBroglie;matched;50;50;51;1;0;1;0,98;0,895046;0,996461;0,980392;500;500;500;120,88;631,5277;12,630554;12,4201;12,342475;12,506525;0,16405;1,557715;12,0402;23,3789;12,421776;12,4201;0,7131;11,7005;10,4389;25,261108;24,8402;24,8402;12,5902|12,5145|12,4842;12,0402;1
B1_LAYERS/NATURE/10x10x5;B;B1_LAYERS;1;nature;10x10x5;10;5;10;500;ThisWork;heap;50;50;50;0;0;0;1;0,928652;1;1;300;300;300;121,64;187,0766;3,741532;3,74005;3,6973;3,76355;0,06625;0,061102;3,663;3,9442;3,741532;3,74005;0,6913;3,0344;;12,471773;12,466833;12,466833;3,7092|3,6968|3,7203;3,7987;1
B1_LAYERS/NATURE/10x10x5;B;B1_LAYERS;1;nature;10x10x5;10;5;10;500;DeBroglie;matched;50;50;50;0;0;0;1;0,928652;1;1;300;300;300;118,26;388,3499;7,766998;7,768;7,694575;7,8657;0,171125;0,133686;7,4563;8,0273;7,766998;7,768;1,1508;6,59935;;25,889993;25,893333;25,893333;10,6889|7,8834|7,7661;7,9618;1
B2_LAYERS_BOUNDARY/NATURE/10x10x5;B;B2_LAYERS_BOUNDARY;2;nature;10x10x5;10;5;10;500;ThisWork;heap;50;50;50;0;0;0;1;0,928652;1;1;264;264;116;68,74;151,7485;3,03497;3,02095;2,985425;3,070175;0,08475;0,066258;2,9486;3,1998;3,03497;3,02095;2,4851;0,5211;;11,496098;11,442992;11,442992;3,0575|3,0296|3,0306;2,9907;1
B2_LAYERS_BOUNDARY/NATURE/10x10x5;B;B2_LAYERS_BOUNDARY;2;nature;10x10x5;10;5;10;500;DeBroglie;matched;50;50;50;0;0;0;1;0,928652;1;1;264;264;116;65;343,0575;6,86115;6,85415;6,772675;6,9117;0,139025;0,125833;6,6272;7,2064;6,86115;6,85415;5,7173;1,11615;;25,989205;25,962689;25,962689;6,9594|6,9756|6,7726;6,9117;1
B3_LAYERS_BOUNDARY_FIXED/NATURE/10x10x5;B;B3_LAYERS_BOUNDARY_FIXED;3;nature;10x10x5;10;5;10;500;ThisWork;heap;50;50;137;87;87;0;0,44;0,311622;0,57694;0,364964;262;262;100,78;63,98;148,32;2,9664;2,9663;2,93415;2,99335;0,0592;0,042827;2,8843;3,0739;2,962554;2,9628;2,60145;0,3671;0,00221;11,322137;11,321756;11,308397;2,972|2,9768|2,9384;2,995;1
B3_LAYERS_BOUNDARY_FIXED/NATURE/10x10x5;B;B3_LAYERS_BOUNDARY_FIXED;3;nature;10x10x5;10;5;10;500;DeBroglie;matched;50;50;137;87;87;0;0,44;0,311622;0,57694;0,364964;262;262;100,78;65,22;341,109;6,82218;6,8097;6,747475;6,8641;0,116625;0,130895;6,6225;7,2156;6,81838;6,80875;6,00115;0,7849;0,002184;26,038855;25,991221;25,987595;6,6969|6,8153|6,8337;6,8011;1
B4_LAYERS_BOUNDARY_FIXED_NEGATIVE/NATURE/10x10x5;B;B4_LAYERS_BOUNDARY_FIXED_NEGATIVE;4;nature;10x10x5;10;5;10;500;ThisWork;heap;50;50;137;87;87;0;0,44;0,311622;0,57694;0,364964;262;262;91,3;58,32;142,7223;2,854446;2,8469;2,824825;2,88055;0,055725;0,039491;2,7848;2,9585;2,850994;2,8439;2,5687;0,27895;0,001984;10,894832;10,866031;10,85458;2,8181|2,8391|2,8369;2,8489;1
B4_LAYERS_BOUNDARY_FIXED_NEGATIVE/NATURE/10x10x5;B;B4_LAYERS_BOUNDARY_FIXED_NEGATIVE;4;nature;10x10x5;10;5;10;500;DeBroglie;matched;50;50;137;87;87;0;0,44;0,311622;0,57694;0,364964;262;262;91,3;58,74;329,0278;6,580556;6,5628;6,5036;6,648825;0,145225;0,122379;6,3753;6,8654;6,57664;6,55965;5,95915;0,61;0,002251;25,116626;25,048855;25,036832;6,5132|6,4964|6,5311;6,5311;1
B0_BASELINE/NATURE/20x20x5;B;B0_BASELINE;0;nature;20x20x5;20;5;20;2000;ThisWork;heap;50;50;50;0;0;0;1;0,928652;1;1;2000;2000;2000;463,56;1276,6348;25,532696;25,4622;25,373025;25,72455;0,351525;0,243897;25,0377;26,1609;25,532696;25,4622;2,76895;22,67425;;12,766348;12,7311;12,7311;25,2287|25,9151|25,4861;25,5465;1
B0_BASELINE/NATURE/20x20x5;B;B0_BASELINE;0;nature;20x20x5;20;5;20;2000;DeBroglie;matched;50;50;50;0;0;0;1;0,928652;1;1;2000;2000;2000;462,4;2555,3254;51,106508;51,10505;50,7414;51,353275;0,611875;0,552574;49,7592;52,6062;51,106508;51,10505;2,82205;48,2805;;25,553254;25,552525;25,552525;51,7415|51,3844|51,914;50,4522;1
B1_LAYERS/NATURE/20x20x5;B;B1_LAYERS;1;nature;20x20x5;20;5;20;2000;ThisWork;heap;50;50;50;0;0;0;1;0,928652;1;1;1200;1200;1200;481,78;758,2802;15,165604;15,16195;15,103525;15,21395;0,110425;0,094634;14,9848;15,397;15,165604;15,16195;2,69925;12,4468;;12,638003;12,634958;12,634958;15,3515|15,4734|15,2566;15,1425;1
B1_LAYERS/NATURE/20x20x5;B;B1_LAYERS;1;nature;20x20x5;20;5;20;2000;DeBroglie;matched;50;50;50;0;0;0;1;0,928652;1;1;1200;1200;1200;472,8;1588,8265;31,77653;31,76835;31,588675;32,015775;0,4271;0,346621;31,0053;32,4841;31,77653;31,76835;4,573;27,1827;;26,480442;26,473625;26,473625;31,9951|31,8162|32,0348;31,7706;1
B2_LAYERS_BOUNDARY/NATURE/20x20x5;B;B2_LAYERS_BOUNDARY;2;nature;20x20x5;20;5;20;2000;ThisWork;heap;50;50;50;0;0;0;1;0,928652;1;1;1124;1124;776;410,58;661,6074;13,232148;13,21775;13,1319;13,33865;0,20675;0,146897;12,996;13,7023;13,232148;13,21775;7,90165;5,3017;;11,772374;11,759564;11,759564;13,4246|13,1877|13,3716;13,4421;1
B2_LAYERS_BOUNDARY/NATURE/20x20x5;B;B2_LAYERS_BOUNDARY;2;nature;20x20x5;20;5;20;2000;DeBroglie;matched;50;50;50;0;0;0;1;0,928652;1;1;1124;1124;776;402,76;1490,1232;29,802464;29,7904;29,6;30,02125;0,42125;0,299343;29,1755;30,3684;29,802464;29,7904;18,19935;11,5438;;26,514648;26,503915;26,503915;29,4359|30,2629|29,5212;30,1224;1
B3_LAYERS_BOUNDARY_FIXED/NATURE/20x20x5;B;B3_LAYERS_BOUNDARY_FIXED;3;nature;20x20x5;20;5;20;2000;ThisWork;heap;50;50;76;26;26;0;0,66;0,521538;0,775631;0,657895;1122;1122;756,64;405,72;660,7695;13,21539;13,2113;13,13595;13,275;0,13905;0,127085;12,9351;13,5456;13,213116;13,2113;8,32455;4,877;0,004373;11,778422;11,774777;11,774777;13,3111|13,1149|13,2402;13,126;1
B3_LAYERS_BOUNDARY_FIXED/NATURE/20x20x5;B;B3_LAYERS_BOUNDARY_FIXED;3;nature;20x20x5;20;5;20;2000;DeBroglie;matched;50;50;76;26;26;0;0,66;0,521538;0,775631;0,657895;1122;1122;756,64;401,62;1488,5642;29,771284;29,73035;29,561875;29,96905;0,407175;0,257877;29,3331;30,3644;29,769118;29,73035;19,08795;10,7128;0,004165;26,534121;26,497638;26,497638;30,0947|29,7148|30,1984;30,0552;1
B4_LAYERS_BOUNDARY_FIXED_NEGATIVE/NATURE/20x20x5;B;B4_LAYERS_BOUNDARY_FIXED_NEGATIVE;4;nature;20x20x5;20;5;20;2000;ThisWork;heap;50;50;78;28;27;1;0,64;0,50141;0,758613;0,641026;1122;1122;752,24;343,74;638,9004;12,778008;12,54405;12,429875;12,643025;0,21315;1,621904;12,2015;23,9559;12,549928;12,54025;8,3944;4,1595;0,407286;11,388599;11,18008;11,176693;12,6342|12,5563|12,5526;23,9559;1
B4_LAYERS_BOUNDARY_FIXED_NEGATIVE/NATURE/20x20x5;B;B4_LAYERS_BOUNDARY_FIXED_NEGATIVE;4;nature;20x20x5;20;5;20;2000;DeBroglie;matched;50;50;76;26;26;0;0,66;0,521538;0,775631;0,657895;1122;1122;752,1;340,16;1428,6028;28,572056;28,56945;28,38615;28,775525;0,389375;0,246466;28,1005;28,9917;28,569822;28,56455;19,71305;8,83845;0,004296;25,465291;25,462968;25,458601;28,9065|28,6259|28,8011;28,9917;1
B0_BASELINE/NATURE/30x30x5;B;B0_BASELINE;0;nature;30x30x5;30;5;30;4500;ThisWork;heap;50;50;50;0;0;0;1;0,928652;1;1;4500;4500;4500;1028,28;2903,2305;58,06461;58,01295;57,731675;58,450125;0,71845;0,481322;56,7877;59,1136;58,06461;58,01295;6,29705;51,66975;;12,903247;12,891767;12,891767;58,061|57,2438|57,9357;58,5705;1
B0_BASELINE/NATURE/30x30x5;B;B0_BASELINE;0;nature;30x30x5;30;5;30;4500;DeBroglie;matched;50;50;52;2;0;2;0,96;0,865399;0,988961;0,961538;4500;4500;4500;1003,74;5936,7674;118,735348;116,3164;115,911475;116,82105;0,909575;14,122931;114,84;213,9069;116,34777;116,3164;6,3868;109,94545;59,68945;26,385633;25,848089;25,848089;117,1333|115,0737|116,0284;116,8185;1
B1_LAYERS/NATURE/30x30x5;B;B1_LAYERS;1;nature;30x30x5;30;5;30;4500;ThisWork;heap;50;50;50;0;0;0;1;0,928652;1;1;2700;2700;2700;1072,64;1726,3865;34,52773;34,4774;34,377225;34,653925;0,2767;0,270808;34,02;35,4763;34,52773;34,4774;6,1308;28,33635;;12,788048;12,769407;12,769407;34,4345|34,683|34,3922;34,8411;1
B1_LAYERS/NATURE/30x30x5;B;B1_LAYERS;1;nature;30x30x5;30;5;30;4500;DeBroglie;matched;50;50;50;0;0;0;1;0,928652;1;1;2700;2700;2700;1083,6;3614,3757;72,287514;72,24385;71,8154;72,7231;0,9077;0,620806;71,171;74,2752;72,287514;72,24385;10,37745;61,89745;;26,773153;26,756981;26,756981;71,5527|72,4836|73,0417;72,9342;1
B2_LAYERS_BOUNDARY/NATURE/30x30x5;B;B2_LAYERS_BOUNDARY;2;nature;30x30x5;30;5;30;4500;ThisWork;heap;50;50;50;0;0;0;1;0,928652;1;1;2584;2584;2036;950,08;1554,3373;31,086746;31,0245;30,88795;31,2782;0,39025;0,264326;30,6399;31,7033;31,086746;31,0245;15,55725;15,48495;;12,030474;12,006385;12,006385;31,1128|31,397|30,9817;30,7567;1
B2_LAYERS_BOUNDARY/NATURE/30x30x5;B;B2_LAYERS_BOUNDARY;2;nature;30x30x5;30;5;30;4500;DeBroglie;matched;50;50;50;0;0;0;1;0,928652;1;1;2584;2584;2036;949,22;3452,9509;69,059018;69,02035;68,6569;69,32865;0,67175;0,583298;67,9553;70,6082;69,059018;69,02035;35,5249;33,4543;;26,725626;26,710662;26,710662;69,5081|68,7054|68,7503;69,0794;1
B3_LAYERS_BOUNDARY_FIXED/NATURE/30x30x5;B;B3_LAYERS_BOUNDARY_FIXED;3;nature;30x30x5;30;5;30;4500;ThisWork;heap;50;50;71;21;21;0;0,7;0,562496;0,808964;0,704225;2582;2582;2015,86;961,12;1555,8411;31,116822;31,08575;30,9281;31,186225;0,258125;0,294665;30,5848;32,291;31,114156;31,081;16,04475;15,0584;0,006348;12,051442;12,039407;12,037568;31,0055|31,1735|31,2738;31,1009;1
B3_LAYERS_BOUNDARY_FIXED/NATURE/30x30x5;B;B3_LAYERS_BOUNDARY_FIXED;3;nature;30x30x5;30;5;30;4500;DeBroglie;matched;50;50;71;21;21;0;0,7;0,562496;0,808964;0,704225;2582;2582;2015,86;949,68;3465,6712;69,313424;69,233;68,92335;69,646075;0,722725;0,51967;68,4517;70,3558;69,310728;69,2251;36,7663;32,5171;0,006419;26,844858;26,81371;26,810651;69,6636|69,7621|68,9653;69,3557;1
B4_LAYERS_BOUNDARY_FIXED_NEGATIVE/NATURE/30x30x5;B;B4_LAYERS_BOUNDARY_FIXED_NEGATIVE;4;nature;30x30x5;30;5;30;4500;ThisWork;heap;50;50;76;26;22;4;0,68;0,541897;0,792418;0,657895;2582;2582;2013,52;799,66;1580,2429;31,604858;29,57825;29,4087;29,752;0,3433;7,048255;29,156;57,7612;29,549478;29,52805;16,3595;13,2486;3,952654;12,240456;11,455558;11,436115;29,6583|57,1409|29,5641;29,5303;1
B4_LAYERS_BOUNDARY_FIXED_NEGATIVE/NATURE/30x30x5;B;B4_LAYERS_BOUNDARY_FIXED_NEGATIVE;4;nature;30x30x5;30;5;30;4500;DeBroglie;matched;50;50;75;25;22;3;0,66;0,521538;0,775631;0,666667;2582;2582;2012,96;799,54;3490,7215;69,81443;66,2994;66,034475;66,8319;0,797425;13,985884;64,8965;126,5031;66,311682;66,1811;38,5845;27,8764;7,005496;27,038896;25,677537;25,63172;66,5676|66,222|66,474;65,8572;1
B0_BASELINE/DESERT/10x10x5;B;B0_BASELINE;0;desert;10x10x5;10;5;10;500;ThisWork;heap;50;50;50;0;0;0;1;0,928652;1;1;500;500;500;90,18;93,4572;1,869144;1,8524;1,84075;1,894725;0,053975;0,049426;1,7936;2,0305;1,869144;1,8524;0,32745;1,52875;;3,738288;3,7048;3,7048;1,837|1,8599|1,8847;1,8676;1
B0_BASELINE/DESERT/10x10x5;B;B0_BASELINE;0;desert;10x10x5;10;5;10;500;DeBroglie;matched;50;50;50;0;0;0;1;0,928652;1;1;500;500;500;87,72;206,9186;4,138372;4,13365;4,088775;4,173775;0,085;0,071205;4,0125;4,3505;4,138372;4,13365;0,4029;3,71495;;8,276744;8,2673;8,2673;4,1439|4,1118|4,1228;4,0936;1
B1_LAYERS/DESERT/10x10x5;B;B1_LAYERS;1;desert;10x10x5;10;5;10;500;ThisWork;heap;50;50;50;0;0;0;1;0,928652;1;1;300;300;300;119,62;55,7416;1,114832;1,10955;1,09145;1,1309;0,03945;0,029778;1,0622;1,1964;1,114832;1,10955;0,352;0,76055;;3,716107;3,6985;3,6985;1,1352|1,1122|1,0916;1,0622;1
B1_LAYERS/DESERT/10x10x5;B;B1_LAYERS;1;desert;10x10x5;10;5;10;500;DeBroglie;matched;50;50;50;0;0;0;1;0,928652;1;1;300;300;300;108,28;136,0216;2,720432;2,71095;2,6807;2,765525;0,084825;0,060966;2,5873;2,867;2,720432;2,71095;0,81795;1,8934;;9,068107;9,0365;9,0365;2,7528|2,8238|2,7328;2,6813;1
B2_LAYERS_BOUNDARY/DESERT/10x10x5;B;B2_LAYERS_BOUNDARY;2;desert;10x10x5;10;5;10;500;ThisWork;heap;50;50;50;0;0;0;1;0,928652;1;1;264;264;112;40,7;38,6511;0,773022;0,76585;0,753725;0,781725;0,028;0,03576;0,7327;0,9656;0,773022;0,76585;0,63145;0,1325;;2,928114;2,900947;2,900947;0,9123|0,777|0,8056;0,824;1
B2_LAYERS_BOUNDARY/DESERT/10x10x5;B;B2_LAYERS_BOUNDARY;2;desert;10x10x5;10;5;10;500;DeBroglie;matched;50;50;50;0;0;0;1;0,928652;1;1;264;264;112;42,34;120,8361;2,416722;2,38435;2,359525;2,4134;0,053875;0,171716;2,2976;3,5529;2,416722;2,38435;2,052;0,3353;;9,15425;9,031629;9,031629;2,3722|2,4818|2,3658;2,4172;1
B3_LAYERS_BOUNDARY_FIXED/DESERT/10x10x5;B;B3_LAYERS_BOUNDARY_FIXED;3;desert;10x10x5;10;5;10;500;ThisWork;heap;50;50;147;97;97;0;0,36;0,241387;0,49859;0,340136;262;262;93,8;40,36;38,5921;0,771842;0,7659;0,755625;0,7789;0,023275;0,023161;0,7325;0,8588;0,767504;0,76235;0,6707;0,09345;0,002236;2,945962;2,923282;2,909733;0,7465|0,7696|0,7685;0,7684;1
B3_LAYERS_BOUNDARY_FIXED/DESERT/10x10x5;B;B3_LAYERS_BOUNDARY_FIXED;3;desert;10x10x5;10;5;10;500;DeBroglie;matched;50;50;147;97;97;0;0,36;0,241387;0,49859;0,340136;262;262;93,8;39,86;119,3389;2,386778;2,3808;2,3535;2,414625;0,061125;0,038498;2,3241;2,4904;2,38276;2,3794;2,15415;0,2392;0,002071;9,10984;9,087023;9,081679;2,3592|2,5042|2,3816;2,3509;1
B4_LAYERS_BOUNDARY_FIXED_NEGATIVE/DESERT/10x10x5;B;B4_LAYERS_BOUNDARY_FIXED_NEGATIVE;4;desert;10x10x5;10;5;10;500;ThisWork;heap;50;50;147;97;97;0;0,36;0,241387;0,49859;0,340136;262;262;64,34;36,98;36,7978;0,735956;0,7264;0,7188;0,73875;0,01995;0,031166;0,6997;0,8341;0,732104;0,72125;0,6719;0,0545;0,001986;2,808992;2,772519;2,752863;0,7141|0,7491|0,7476;0,7303;1
B4_LAYERS_BOUNDARY_FIXED_NEGATIVE/DESERT/10x10x5;B;B4_LAYERS_BOUNDARY_FIXED_NEGATIVE;4;desert;10x10x5;10;5;10;500;DeBroglie;matched;50;50;147;97;97;0;0,36;0,241387;0,49859;0,340136;262;262;64,34;37,2;115,1943;2,303886;2,2976;2,2779;2,31935;0,04145;0,042274;2,2258;2,4291;2,299944;2,29535;2,15325;0,148;0,002032;8,793458;8,769466;8,760878;2,2816|2,3562|2,2699;2,2977;1
B0_BASELINE/DESERT/20x20x5;B;B0_BASELINE;0;desert;20x20x5;20;5;20;2000;ThisWork;heap;50;50;50;0;0;0;1;0,928652;1;1;2000;2000;2000;333,38;369,6548;7,393096;7,3809;7,307825;7,438525;0,1307;0,138818;7,1735;8,0393;7,393096;7,3809;1,30025;6,07005;;3,696548;3,69045;3,69045;7,293|7,5208|7,2349;7,3078;1
B0_BASELINE/DESERT/20x20x5;B;B0_BASELINE;0;desert;20x20x5;20;5;20;2000;DeBroglie;matched;50;50;50;0;0;0;1;0,928652;1;1;2000;2000;2000;335,16;829,5558;16,591116;16,60495;16,455075;16,7136;0,258525;0,153767;16,3123;16,9405;16,591116;16,60495;1,52575;15,0661;;8,295558;8,302475;8,302475;16,7936|16,7323|16,7359;16,422;1
B1_LAYERS/DESERT/20x20x5;B;B1_LAYERS;1;desert;20x20x5;20;5;20;2000;ThisWork;heap;50;50;50;0;0;0;1;0,928652;1;1;1200;1200;1200;459,28;212,9661;4,259322;4,23985;4,201125;4,2886;0,087475;0,107718;4,1047;4,7741;4,259322;4,23985;1,33025;2,8971;;3,549435;3,533208;3,533208;4,1933|4,3862|4,1518;4,3588;1
B1_LAYERS/DESERT/20x20x5;B;B1_LAYERS;1;desert;20x20x5;20;5;20;2000;DeBroglie;matched;50;50;50;0;0;0;1;0,928652;1;1;1200;1200;1200;444,76;536,8951;10,737902;10,72615;10,6252;10,8296;0,2044;0,156533;10,3559;11,1268;10,737902;10,72615;3,13635;7,5917;;8,948252;8,938458;8,938458;10,8906|10,8804|10,8887;10,903;1
B2_LAYERS_BOUNDARY/DESERT/20x20x5;B;B2_LAYERS_BOUNDARY;2;desert;20x20x5;20;5;20;2000;ThisWork;heap;50;50;50;0;0;0;1;0,928652;1;1;1124;1124;772;333,3;166,3483;3,326966;3,31035;3,273425;3,3564;0,082975;0,071257;3,2206;3,5369;3,326966;3,31035;2,08625;1,22145;;2,959934;2,945151;2,945151;3,2905|3,2418|3,4354;3,4815;1
B2_LAYERS_BOUNDARY/DESERT/20x20x5;B;B2_LAYERS_BOUNDARY;2;desert;20x20x5;20;5;20;2000;DeBroglie;matched;50;50;50;0;0;0;1;0,928652;1;1;1124;1124;772;325,36;495,668;9,91336;9,8593;9,8036;9,9897;0,1861;0,204158;9,6724;11,0026;9,91336;9,8593;6,66635;3,1968;;8,819715;8,771619;8,771619;9,8742|9,9888|9,7499;9,8774;1
B3_LAYERS_BOUNDARY_FIXED/DESERT/20x20x5;B;B3_LAYERS_BOUNDARY_FIXED;3;desert;20x20x5;20;5;20;2000;ThisWork;heap;50;50;78;28;28;0;0,64;0,50141;0,758613;0,641026;1122;1122;750,66;332,24;166,1481;3,322962;3,31845;3,26575;3,356325;0,090575;0,068227;3,2162;3,5598;3,320634;3,3152;2,1762;1,1244;0,004157;2,961642;2,95762;2,954724;3,4777|3,6135|3,2663;3,3372;1
B3_LAYERS_BOUNDARY_FIXED/DESERT/20x20x5;B;B3_LAYERS_BOUNDARY_FIXED;3;desert;20x20x5;20;5;20;2000;DeBroglie;matched;50;50;78;28;28;0;0,64;0,50141;0,758613;0,641026;1122;1122;750,66;334,7;493,9333;9,878666;9,86535;9,822275;9,9188;0,096525;0,094996;9,6677;10,1597;9,876274;9,8578;6,94535;2,92185;0,004271;8,804515;8,792647;8,785918;9,9805|9,9589|9,8059;9,7589;1
B4_LAYERS_BOUNDARY_FIXED_NEGATIVE/DESERT/20x20x5;B;B4_LAYERS_BOUNDARY_FIXED_NEGATIVE;4;desert;20x20x5;20;5;20;2000;ThisWork;heap;50;50;78;28;28;0;0,64;0,50141;0,758613;0,641026;1122;1122;682,92;280,52;156,253;3,12506;3,11725;3,085675;3,157975;0,0723;0,058179;3,0197;3,2832;3,122882;3,11725;2,2073;0,9172;0,003889;2,785258;2,778298;2,778298;3,1042|3,1134|3,1094;3,0852;1
B4_LAYERS_BOUNDARY_FIXED_NEGATIVE/DESERT/20x20x5;B;B4_LAYERS_BOUNDARY_FIXED_NEGATIVE;4;desert;20x20x5;20;5;20;2000;DeBroglie;matched;50;50;78;28;28;0;0,64;0,50141;0,758613;0,641026;1122;1122;682,92;278,78;475,425;9,5085;9,51665;9,436475;9,563375;0,1269;0,101119;9,2526;9,7503;9,506294;9,51665;7,28945;2,22465;0,003939;8,474599;8,481863;8,481863;9,6069|9,6371|9,4028;9,4487;1
B0_BASELINE/DESERT/30x30x5;B;B0_BASELINE;0;desert;30x30x5;30;5;30;4500;ThisWork;heap;50;50;50;0;0;0;1;0,928652;1;1;4500;4500;4500;722,36;826,0495;16,52099;16,4985;16,44425;16,5975;0,15325;0,113359;16,3187;16,8132;16,52099;16,4985;2,88165;13,6267;;3,671331;3,666333;3,666333;16,5947|16,355|16,4502;16,44;1
B0_BASELINE/DESERT/30x30x5;B;B0_BASELINE;0;desert;30x30x5;30;5;30;4500;DeBroglie;matched;50;50;50;0;0;0;1;0,928652;1;1;4500;4500;4500;718,7;1866,7167;37,334334;37,31435;37,13895;37,5204;0,38145;0,315879;36,3041;38,0624;37,334334;37,31435;3,40785;33,88545;;8,296519;8,292078;8,292078;37,6882|37,6966|36,8154;37,3961;1
B1_LAYERS/DESERT/30x30x5;B;B1_LAYERS;1;desert;30x30x5;30;5;30;4500;ThisWork;heap;50;50;50;0;0;0;1;0,928652;1;1;2700;2700;2700;1053,58;474,4087;9,488174;9,4811;9,419875;9,56775;0,147875;0,116627;9,2416;9,7361;9,488174;9,4811;2,93685;6,53695;;3,514139;3,511519;3,511519;9,5558|9,3632|9,6308;9,5637;1
B1_LAYERS/DESERT/30x30x5;B;B1_LAYERS;1;desert;30x30x5;30;5;30;4500;DeBroglie;matched;50;50;50;0;0;0;1;0,928652;1;1;2700;2700;2700;1067,08;1214,5237;24,290474;24,296;24,141975;24,399125;0,25715;0,209966;23,8359;24,9972;24,290474;24,296;7,0662;17,18845;;8,996472;8,998519;8,998519;23,8759|23,7735|24,2509;23,8756;1
B2_LAYERS_BOUNDARY/DESERT/30x30x5;B;B2_LAYERS_BOUNDARY;2;desert;30x30x5;30;5;30;4500;ThisWork;heap;50;50;56;6;0;6;0,88;0,761952;0,943824;0,892857;2584;2584;2032;833,8;435,7102;8,714204;7,88415;7,834225;8,004475;0,17025;2,262311;7,6981;15,587;7,90532;7,87965;4,35185;3,52605;6,7407;3,37237;3,051142;3,0494;7,8293|8,0183|7,9708;7,9993;1
B2_LAYERS_BOUNDARY/DESERT/30x30x5;B;B2_LAYERS_BOUNDARY;2;desert;30x30x5;30;5;30;4500;DeBroglie;matched;50;50;51;1;0;1;0,98;0,895046;0,996461;0,980392;2584;2584;2032;826,96;1154,7941;23,095882;22,7124;22,559175;22,8561;0,296925;2,782028;22,3464;42,32;22,700748;22,692;13,50845;9,19175;19,7567;8,938035;8,789628;8,781734;22,9494|23,0408|23,1014;22,8969;1
B3_LAYERS_BOUNDARY_FIXED/DESERT/30x30x5;B;B3_LAYERS_BOUNDARY_FIXED;3;desert;30x30x5;30;5;30;4500;ThisWork;heap;50;50;64;14;12;2;0,82;0,692039;0,902298;0,78125;2582;2582;2010,82;828,84;410,0468;8,200936;7,9379;7,8541;8,011525;0,157425;1,354184;7,6141;14,8732;7,926788;7,9367;4,49935;3,4065;0,9791;3,176195;3,074322;3,073857;8,1052|14,6667|14,4726;8,1042;1
B3_LAYERS_BOUNDARY_FIXED/DESERT/30x30x5;B;B3_LAYERS_BOUNDARY_FIXED;3;desert;30x30x5;30;5;30;4500;DeBroglie;matched;50;50;65;15;13;2;0,82;0,692039;0,902298;0,769231;2582;2582;2010,76;842,4;1179,1588;23,583176;22,7813;22,6518;22,91155;0,25975;4,082173;22,427;43,9817;22,755244;22,76055;13,8288;8,9274;2,759773;9,133686;8,823122;8,815085;23,1216|22,7184|22,4715;22,7102;1
B4_LAYERS_BOUNDARY_FIXED_NEGATIVE/DESERT/30x30x5;B;B4_LAYERS_BOUNDARY_FIXED_NEGATIVE;4;desert;30x30x5;30;5;30;4500;ThisWork;heap;50;50;63;13;12;1;0,84;0,714858;0,916626;0,793651;2582;2582;1904,24;695,8;382,0048;7,640096;7,4989;7,42625;7,59255;0,1663;0,902085;7,3254;13,8409;7,51395;7,4989;4,53015;2,9451;0,485177;2,958984;2,904299;2,904299;7,3727|7,4531|7,5036;7,7287;1
B4_LAYERS_BOUNDARY_FIXED_NEGATIVE/DESERT/30x30x5;B;B4_LAYERS_BOUNDARY_FIXED_NEGATIVE;4;desert;30x30x5;30;5;30;4500;DeBroglie;matched;50;50;62;12;12;0;0,86;0,738138;0,930492;0,806452;2582;2582;1904,24;697,04;1092,518;21,85036;21,85595;21,739825;21,965375;0,22555;0,163218;21,5043;22,3514;21,84881;21,85595;14,56595;7,2699;0,006458;8,462572;8,464737;8,464737;21,8705|21,7777|21,6848;21,9129;1
B0_BASELINE/FARM/10x10x5;B;B0_BASELINE;0;farm;10x10x5;10;5;10;500;ThisWork;heap;50;50;50;0;0;0;1;0,928652;1;1;500;500;500;219,68;316,6097;6,332194;6,3313;6,251425;6,377425;0,126;0,09946;6,1701;6,6059;6,332194;6,3313;0,87745;5,42525;;12,664388;12,6626;12,6626;6,45|6,3175|6,3164;6,4428;1
B0_BASELINE/FARM/10x10x5;B;B0_BASELINE;0;farm;10x10x5;10;5;10;500;DeBroglie;matched;50;50;53;3;0;3;0,94;0,837829;0,979385;0,943396;500;500;500;231,22;682,2577;13,645154;12,9732;12,85875;13,092875;0,234125;2,755006;12,5951;25,6494;12,955232;12,9261;0,8655;12,0938;11,4987;27,290308;25,9464;25,8522;12,9157|12,9957|13,2678;13,0585;1
B1_LAYERS/FARM/10x10x5;B;B1_LAYERS;1;farm;10x10x5;10;5;10;500;ThisWork;heap;50;50;50;0;0;0;1;0,928652;1;1;300;300;300;156,92;178,8845;3,57769;3,5615;3,535325;3,594075;0,05875;0,066179;3,494;3,843;3,57769;3,5615;1,1816;2,37235;;11,925633;11,871667;11,871667;3,6446|3,606|3,5686;3,6136;1
B1_LAYERS/FARM/10x10x5;B;B1_LAYERS;1;farm;10x10x5;10;5;10;500;DeBroglie;matched;50;50;50;0;0;0;1;0,928652;1;1;300;300;300;158,14;402,7854;8,055708;8,0539;7,964675;8,143525;0,17885;0,119061;7,8213;8,3123;8,055708;8,0539;2,60775;5,44185;;26,85236;26,846333;26,846333;8,0862|8,1169|7,9253;7,8213;1
B2_LAYERS_BOUNDARY/FARM/10x10x5;B;B2_LAYERS_BOUNDARY;2;farm;10x10x5;10;5;10;500;ThisWork;heap;50;50;50;0;0;0;1;0,928652;1;1;264;264;132;72,36;142,4874;2,849748;2,84535;2,815875;2,876175;0,0603;0,049041;2,7801;2,9747;2,849748;2,84535;2,4158;0,41905;;10,7945;10,777841;10,777841;2,8681|5,6587|2,9635;2,8404;1
B2_LAYERS_BOUNDARY/FARM/10x10x5;B;B2_LAYERS_BOUNDARY;2;farm;10x10x5;10;5;10;500;DeBroglie;matched;50;50;50;0;0;0;1;0,928652;1;1;264;264;132;76,9;361,5884;7,231768;7,239;7,1571;7,303175;0,146075;0,094405;7,0226;7,5577;7,231768;7,239;6,27975;0,9441;;27,393061;27,420455;27,420455;7,3432|7,2108|7,4499;7,2703;1
B3_LAYERS_BOUNDARY_FIXED/FARM/10x10x5;B;B3_LAYERS_BOUNDARY_FIXED;3;farm;10x10x5;10;5;10;500;ThisWork;heap;50;50;190;140;140;0;0,22;0,127539;0,352415;0,263158;262;262;119,06;63,38;141,8616;2,837232;2,8198;2,8039;2,85965;0,05575;0,052717;2,7686;3,0235;2,83063;2,8167;2,5275;0,29955;0,002358;10,82913;10,762595;10,750763;2,8292|2,8473|2,8228;2,8059;1
B3_LAYERS_BOUNDARY_FIXED/FARM/10x10x5;B;B3_LAYERS_BOUNDARY_FIXED;3;farm;10x10x5;10;5;10;500;DeBroglie;matched;50;50;190;140;140;0;0,22;0,127539;0,352415;0,263158;262;262;119,06;66,04;360,9651;7,219302;7,19425;7,140175;7,253575;0,1134;0,125788;6,9909;7,7759;7,212892;7,1822;6,5574;0,6791;0,002289;27,554588;27,458969;27,412977;7,2088|7,0374|7,1389;7,1194;1
B4_LAYERS_BOUNDARY_FIXED_NEGATIVE/FARM/10x10x5;B;B4_LAYERS_BOUNDARY_FIXED_NEGATIVE;4;farm;10x10x5;10;5;10;500;ThisWork;heap;50;50;190;140;140;0;0,22;0,127539;0,352415;0,263158;262;262;119,06;61,08;141,776;2,83552;2,82905;2,796775;2,861;0,064225;0,055088;2,7463;2,9759;2,828822;2,81585;2,5449;0,28795;0,002392;10,822595;10,797901;10,747519;2,8031|2,7711|2,7785;2,8111;1
B4_LAYERS_BOUNDARY_FIXED_NEGATIVE/FARM/10x10x5;B;B4_LAYERS_BOUNDARY_FIXED_NEGATIVE;4;farm;10x10x5;10;5;10;500;DeBroglie;matched;50;50;190;140;140;0;0,22;0,127539;0,352415;0,263158;262;262;119,06;64,74;358,992;7,17984;7,16535;7,10525;7,234275;0,129025;0,101514;6,9959;7,4734;7,173492;7,15975;6,5626;0,6371;0,002267;27,403969;27,348664;27,32729;7,1075|7,1576|7,1159;7,1419;1
B0_BASELINE/FARM/20x20x5;B;B0_BASELINE;0;farm;20x20x5;20;5;20;2000;ThisWork;heap;50;50;57;7;0;7;0,86;0,738138;0,930492;0,877193;2000;2000;2000;927,28;1409,1558;28,183116;25,75345;25,4974;25,97815;0,48075;6,60272;24,7401;50,3718;25,68255;25,73225;3,51435;22,264;17,861186;14,091558;12,876725;12,866125;25,6005|25,3925|25,7597;25,9495;1
B0_BASELINE/FARM/20x20x5;B;B0_BASELINE;0;farm;20x20x5;20;5;20;2000;DeBroglie;matched;50;50;56;6;0;6;0,9;0,786398;0,956524;0,892857;2000;2000;2000;951,44;2851,8561;57,037122;52,82775;52,481975;53,3722;0,890225;13,974157;51,8564;119,3471;52,877572;52,80745;3,42215;49,4219;34,662917;28,518561;26,413875;26,403725;52,004|91,176|53,3038;53,4852;1
B1_LAYERS/FARM/20x20x5;B;B1_LAYERS;1;farm;20x20x5;20;5;20;2000;ThisWork;heap;50;50;51;1;0;1;0,98;0,895046;0,996461;0,980392;1200;1200;1200;695,9;722,8209;14,456418;14,2757;14,177;14,397625;0,220625;1,263107;13,8848;23,1375;14,274922;14,2693;4,7147;9,5369;9,0748;12,047015;11,896417;11,891083;14,2421|14,351|14,2239;14,3593;1
B1_LAYERS/FARM/20x20x5;B;B1_LAYERS;1;farm;20x20x5;20;5;20;2000;DeBroglie;matched;50;50;50;0;0;0;1;0,928652;1;1;1200;1200;1200;682,02;1635,2723;32,705446;32,7123;32,321;33,0131;0,6921;0,439466;31,849;33,6761;32,705446;32,7123;10,4992;22,2077;;27,254538;27,26025;27,26025;32,7888|32,9242|33,4129;33,0617;1
B2_LAYERS_BOUNDARY/FARM/20x20x5;B;B2_LAYERS_BOUNDARY;2;farm;20x20x5;20;5;20;2000;ThisWork;heap;50;50;51;1;0;1;0,98;0,895046;0,996461;0,980392;1124;1124;832;550,24;626,019;12,52038;12,24555;12,1307;12,40545;0,27475;1,685634;11,9771;24,1168;12,28015;12,2293;7,9577;4,2904;12,0115;11,139128;10,894617;10,88016;12,2427|12,1884|12,2402;12,6914;1
B2_LAYERS_BOUNDARY/FARM/20x20x5;B;B2_LAYERS_BOUNDARY;2;farm;20x20x5;20;5;20;2000;DeBroglie;matched;50;50;51;1;0;1;0,98;0,895046;0,996461;0,980392;1124;1124;832;554,3;1579,7419;31,594838;30,98425;30,800925;31,199825;0,3989;4,323094;30,244;61,4947;30,990734;30,98425;20,7903;10,1794;30,2052;28,109286;27,566059;27,566059;30,8922|30,7464|30,6839;30,9018;1
B3_LAYERS_BOUNDARY_FIXED/FARM/20x20x5;B;B3_LAYERS_BOUNDARY_FIXED;3;farm;20x20x5;20;5;20;2000;ThisWork;heap;50;50;83;33;29;4;0,56;0,42306;0,688378;0,60241;1122;1122;824;548,22;658,5402;13,170804;12,2114;12,114975;12,3269;0,211925;3,294194;11,9146;24,4747;12,20603;12,19395;8,22695;3,981;1,461779;11,738684;10,883601;10,868048;12,0944|12,1782|12,0404;11,9621;1
B3_LAYERS_BOUNDARY_FIXED/FARM/20x20x5;B;B3_LAYERS_BOUNDARY_FIXED;3;farm;20x20x5;20;5;20;2000;DeBroglie;matched;50;50;75;25;25;0;0,6;0,461814;0,723916;0,666667;1122;1122;823,82;551,82;1546,6208;30,932416;30,92265;30,75935;31,074075;0,314725;0,230501;30,4381;31,5549;30,930446;30,9208;21,4899;9,4268;0,00394;27,568998;27,560294;27,558645;31,0356|30,9174|31,0611;30,6581;1
B4_LAYERS_BOUNDARY_FIXED_NEGATIVE/FARM/20x20x5;B;B4_LAYERS_BOUNDARY_FIXED_NEGATIVE;4;farm;20x20x5;20;5;20;2000;ThisWork;heap;50;50;75;25;25;0;0,6;0,461814;0,723916;0,666667;1122;1122;823,82;533,84;605,528;12,11056;12,10745;11,992325;12,1815;0,189175;0,150419;11,8562;12,5544;12,108436;12,10745;8,17905;3,8819;0,004248;10,793725;10,790954;10,790954;12,1851|12,182|12,1119;12,2695;1
B4_LAYERS_BOUNDARY_FIXED_NEGATIVE/FARM/20x20x5;B;B4_LAYERS_BOUNDARY_FIXED_NEGATIVE;4;farm;20x20x5;20;5;20;2000;DeBroglie;matched;50;50;81;31;27;4;0,52;0,385117;0,652029;0,617284;1122;1122;823,88;537,34;1658,8316;33,176632;30,80995;30,56205;30,969175;0,407125;8,331545;30,1523;61,9321;30,752462;30,76425;21,5916;9,21395;3,909952;29,569191;27,459848;27,419118;30,762|31,245|30,9735;30,4086;1
B0_BASELINE/FARM/30x30x5;B;B0_BASELINE;0;farm;30x30x5;30;5;30;4500;ThisWork;heap;50;50;61;11;0;11;0,8;0,669629;0,887562;0,819672;4500;4500;4500;2186,96;3324,5056;66,490112;58,58815;57,950925;59,54845;1,597525;19,047033;57,1681;153,334;58,457938;58,33415;8,01675;50,57375;36,509882;14,77558;13,019589;12,963144;59,8454|57,8861|57,5838;99,8557;1
B0_BASELINE/FARM/30x30x5;B;B0_BASELINE;0;farm;30x30x5;30;5;30;4500;DeBroglie;matched;50;50;60;10;0;10;0,82;0,692039;0,902298;0,833333;4500;4500;4500;2103,64;6746,7698;134,935396;120,2887;119,399975;122,125725;2,72575;34,626942;117,5522;233,8742;119,966748;119,82265;7,8043;112,4604;74,84324;29,985644;26,730822;26,627256;214,1688|119,6224|123,8661;122,2798;1
B1_LAYERS/FARM/30x30x5;B;B1_LAYERS;1;farm;30x30x5;30;5;30;4500;ThisWork;heap;50;50;52;2;0;2;0,96;0,865399;0,988961;0,961538;2700;2700;2700;1644,68;1669,4316;33,388632;32,6138;32,4153;32,855375;0,440075;4,149631;31,669;55,9253;32,574656;32,5951;10,8404;21,7737;20,3494;12,36616;12,079185;12,072259;32,663|32,6003|32,7339;32,3282;1
B1_LAYERS/FARM/30x30x5;B;B1_LAYERS;1;farm;30x30x5;30;5;30;4500;DeBroglie;matched;50;50;50;0;0;0;1;0,928652;1;1;2700;2700;2700;1638,38;3735,1908;74,703816;74,80245;74,30025;75,3477;1,04745;0,894218;72,294;76,1786;74,703816;74,80245;23,81775;50,97395;;27,66808;27,704611;27,704611;73,6045|74,7476|75,4811;73,3546;1
B2_LAYERS_BOUNDARY/FARM/30x30x5;B;B2_LAYERS_BOUNDARY;2;farm;30x30x5;30;5;30;4500;ThisWork;heap;50;50;50;0;0;0;1;0,928652;1;1;2584;2584;2132;1492,98;1451,8105;29,03621;29,01995;28,72645;29,295575;0,569125;0,346526;28,4723;29,8584;29,03621;29,01995;16,42045;12,5424;;11,236923;11,230631;11,230631;29,1022|28,6044|29,4259;29,552;1
B2_LAYERS_BOUNDARY/FARM/30x30x5;B;B2_LAYERS_BOUNDARY;2;farm;30x30x5;30;5;30;4500;DeBroglie;matched;50;50;51;1;0;1;0,98;0,895046;0,996461;0,980392;2584;2584;2132;1488,5;3662,6947;73,253894;71,83725;71,484575;72,3623;0,877725;9,410675;70,973;138,3474;71,910662;71,8149;41,74145;30,0505;67,1616;28,34903;27,800793;27,792144;71,7762|71,5037|73,6126;72,2413;1
B3_LAYERS_BOUNDARY_FIXED/FARM/30x30x5;B;B3_LAYERS_BOUNDARY_FIXED;3;farm;30x30x5;30;5;30;4500;ThisWork;heap;50;50;67;17;17;0;0,74;0,604468;0,841285;0,746269;2582;2582;2124,68;1480,74;1444,3561;28,887122;28,872;28,744775;29,02985;0,285075;0,206313;28,446;29,4016;28,885036;28,869;16,63945;12,2203;0,006135;11,187886;11,182029;11,180868;29,4089|29,5244|28,7972;29,1382;1
B3_LAYERS_BOUNDARY_FIXED/FARM/30x30x5;B;B3_LAYERS_BOUNDARY_FIXED;3;farm;30x30x5;30;5;30;4500;DeBroglie;matched;50;50;67;17;17;0;0,74;0,604468;0,841285;0,746269;2582;2582;2124,68;1479,3;3592,6438;71,852876;71,8462;71,47955;72,298975;0,819425;0,531072;70,762;72,8675;71,850502;71,8407;42,6409;29,032;0,006982;27,82838;27,825794;27,823664;71,2065|71,6516|72,1276;71,6788;1
B4_LAYERS_BOUNDARY_FIXED_NEGATIVE/FARM/30x30x5;B;B4_LAYERS_BOUNDARY_FIXED_NEGATIVE;4;farm;30x30x5;30;5;30;4500;ThisWork;heap;50;50;69;19;18;1;0,72;0,583349;0,825258;0,724638;2582;2582;2124,62;1458,14;1453,9699;29,079398;28,49525;28,335675;28,680575;0,3449;3,978959;28,0959;56,5909;28,518514;28,49525;16,38215;12,07675;1,476011;11,262354;11,036115;11,036115;28,7279|28,8315|29,0084;28,3359;1
B4_LAYERS_BOUNDARY_FIXED_NEGATIVE/FARM/30x30x5;B;B4_LAYERS_BOUNDARY_FIXED_NEGATIVE;4;farm;30x30x5;30;5;30;4500;DeBroglie;matched;50;50;68;18;17;1;0,72;0,583349;0,825258;0,735294;2582;2582;2124,72;1452,88;3620,6799;72,413598;70,9933;70,66935;71,371975;0,702625;9,845239;69,7667;140,5478;71,020924;70,9898;42,5262;28,47045;3,868539;28,045545;27,495469;27,494113;71,4873|70,9049|72,1667;71,4119;1
